StudyId,InvestigatorName,AnnotationId,Answer,Comments
12120e80-ec39-4059-9949-eded1802d491,Kaitlyn Hair,,,
12120e80-ec39-4059-9949-eded1802d491,Kaitlyn Hair,9d33a5f0-2d4d-4d60-adb5-deb0c5826500,htau,
cdf39f42-7320-4de7-a30c-2213eac01c01,Kaitlyn Hair,,,
cdf39f42-7320-4de7-a30c-2213eac01c01,Kaitlyn Hair,f7f04281-3ada-4151-8a97-581f115c65fa,Tg2576,
1f7e8a37-8a9d-4ad1-a600-b0eeb581f828,Kaitlyn Hair,8756592b-1659-435a-823d-d0b34566b1b3,APPswe/PSEN1dE9,
1f7e8a37-8a9d-4ad1-a600-b0eeb581f828,Kaitlyn Hair,,,
b65d153a-f63f-48ce-bf5d-9671050ef7f6,Kaitlyn Hair,b7ee8a19-d35a-4704-aa5b-e91c88dfde54,THY-Tau22,
b65d153a-f63f-48ce-bf5d-9671050ef7f6,Kaitlyn Hair,,,
3a341c25-c3ac-4cab-b334-57e3524ad38c,Kaitlyn Hair,93276abd-b9a9-4e4a-aabe-9f5582212656,htau,
3a341c25-c3ac-4cab-b334-57e3524ad38c,Kaitlyn Hair,,,
3a341c25-c3ac-4cab-b334-57e3524ad38c,Megan McManus,,,
3a341c25-c3ac-4cab-b334-57e3524ad38c,Megan McManus,cb0f91ef-1197-4482-850f-b8fed1490ff4,htau,Human tau transgenic mice
c43ccf72-ae25-4eaf-af44-4a4ddfffefd0,Kaitlyn Hair,,,
c43ccf72-ae25-4eaf-af44-4a4ddfffefd0,Kaitlyn Hair,c43361b8-2851-4d89-8946-cc899c317124,Other (please leave a comment),
faafebe5-8502-4615-b08d-108dab57c27d,Kaitlyn Hair,edcc6bc8-3df0-4258-9411-49a79adb1370,3xTg ,
faafebe5-8502-4615-b08d-108dab57c27d,Kaitlyn Hair,,,
faafebe5-8502-4615-b08d-108dab57c27d,Andia Mir,,,
faafebe5-8502-4615-b08d-108dab57c27d,Andia Mir,9b48c05e-5e96-43a7-9ae7-930095efc85a,3xTg ,
faafebe5-8502-4615-b08d-108dab57c27d,Jan Homolak,,,
faafebe5-8502-4615-b08d-108dab57c27d,Jan Homolak,61ac529a-e93d-45f6-9b54-26324ac95647,3xTg ,
1daaad6e-095a-4763-9859-85b1b03d4a9e,,,,
dc4e4484-7c00-4865-a153-dbb023f3cb2f,Kaitlyn Hair,f7f652aa-cce5-448a-b763-671d7e808138,Other (please leave a comment),APP/PS1
dc4e4484-7c00-4865-a153-dbb023f3cb2f,Kaitlyn Hair,00746e76-eafd-4434-ac8a-fbb9f7d2595e,Tg2576,
dc4e4484-7c00-4865-a153-dbb023f3cb2f,Kaitlyn Hair,,,
dc4e4484-7c00-4865-a153-dbb023f3cb2f,Kaitlyn Hair,,,
4faad714-22da-4c56-86a1-b4d5221cd72c,Kaitlyn Hair,07652d1e-b4d6-4762-b6de-2af725eefbac,APP/PS1/rTg21221,
4faad714-22da-4c56-86a1-b4d5221cd72c,Kaitlyn Hair,,,
4faad714-22da-4c56-86a1-b4d5221cd72c,Megan McManus,,,
4faad714-22da-4c56-86a1-b4d5221cd72c,Megan McManus,4517b8e3-5079-408f-99f8-471bc54bcb1a,APPSwe/PSEN1dE9,
a8b99700-fa79-4826-b5de-4078b6597038,Kaitlyn Hair,80867f4a-8570-4907-8a7a-4a4426c91bf4,"J20 (PDGF-APPSw,Ind)",
a8b99700-fa79-4826-b5de-4078b6597038,Kaitlyn Hair,,,
a8b99700-fa79-4826-b5de-4078b6597038,Tiago Marcos,208266c1-9ae8-4c91-98df-7bd3005e5cfe,Other (please leave a comment),mAPP/PreP
a8b99700-fa79-4826-b5de-4078b6597038,Tiago Marcos,6ddc0da2-da99-4cb9-979e-24154fc6b9e3,Other (please leave a comment),mAPP/PE
a8b99700-fa79-4826-b5de-4078b6597038,Tiago Marcos,41c6d0dd-8d79-47c3-bae8-8b0b2aa4cef6,Other (please leave a comment),mAPP
70555a32-f3e5-462b-8f1f-2615e3c266a3,Kaitlyn Hair,8205de37-cb24-4ab0-a0b4-d8af6e37400d,5xFAD (C57BL6),
70555a32-f3e5-462b-8f1f-2615e3c266a3,Kaitlyn Hair,,,
70555a32-f3e5-462b-8f1f-2615e3c266a3,Olena Maksym,3d45e52e-edbd-4d93-be0f-f2f9bc4fee63,5xFAD (C57BL6),
70555a32-f3e5-462b-8f1f-2615e3c266a3,Olena Maksym,,,
ebae654b-f3e1-487c-857c-0cea0ed0d580,Kaitlyn Hair,c05d6514-be34-4476-a9cf-50dc55d7f640,APPswe/PSEN1dE9,
ebae654b-f3e1-487c-857c-0cea0ed0d580,Kaitlyn Hair,,,
03b276a7-5bf3-4b1c-9b9f-0cd485c88351,Megan McManus,fa65b176-d779-4bcc-b8a4-4f25e74a508c,APPSwe/PSEN1(A246E),APP695swe mutation (K595N and M596L) and PS1 A246E mutation 
03b276a7-5bf3-4b1c-9b9f-0cd485c88351,Megan McManus,,,
03b276a7-5bf3-4b1c-9b9f-0cd485c88351,Kaitlyn Hair,3936f378-8446-4bd6-81f2-6ff7222619a6,APPSwe/PSEN1(A246E),
03b276a7-5bf3-4b1c-9b9f-0cd485c88351,Kaitlyn Hair,,,
03b276a7-5bf3-4b1c-9b9f-0cd485c88351,Kaitlyn Hair,5462d919-e8a0-48cc-a84b-91224f3bdffd,APPSwe/PSEN1(A246E),
03b276a7-5bf3-4b1c-9b9f-0cd485c88351,Kaitlyn Hair,,,
f73d0371-adbc-438b-804e-0ad6177e3eac,Kaitlyn Hair,2a27532b-fbb7-464c-baf5-f6a545cffdb9,rTg(tauP301L)4510,
f73d0371-adbc-438b-804e-0ad6177e3eac,Kaitlyn Hair,,,
e302fef4-903a-4cfb-b24b-c54e4c0caeb0,Megan McManus,656a6276-442b-4c19-b432-95687da79f14,TgCRND8,
e302fef4-903a-4cfb-b24b-c54e4c0caeb0,Megan McManus,,,
11b1afca-5c11-47ce-b5b8-877fcfd79949,Megan McManus,,,
11b1afca-5c11-47ce-b5b8-877fcfd79949,Megan McManus,27009dcb-f1c7-426b-b1c9-a5b15fe35b17,3xTg ,
11b1afca-5c11-47ce-b5b8-877fcfd79949,Kaitlyn Hair,1cf4f6d0-8c0b-46f1-aa03-8a449c89c32d,3xTg ,
11b1afca-5c11-47ce-b5b8-877fcfd79949,Kaitlyn Hair,,,
11b1afca-5c11-47ce-b5b8-877fcfd79949,Kaitlyn Hair,88dd78a5-2f03-43b4-8786-f8d3e29da98e,3xTg ,
11b1afca-5c11-47ce-b5b8-877fcfd79949,Kaitlyn Hair,,,
28c3425a-936b-47e3-a4ab-a8fd92810af9,Kaitlyn Hair,166f7130-a3bd-4f8a-9faa-f01ee5bb8a8e,APPswe/PSEN1dE9,
28c3425a-936b-47e3-a4ab-a8fd92810af9,Kaitlyn Hair,,,
28c3425a-936b-47e3-a4ab-a8fd92810af9,Megan McManus,,,
28c3425a-936b-47e3-a4ab-a8fd92810af9,Megan McManus,e416f920-6577-4b39-8c7e-627990ce0387,APPPS1,
c1ba0806-37ff-41eb-89a0-a0d26e1ae2cb,Kaitlyn Hair,65fd63e0-3fe4-43bf-9d45-93d3ea841333,3xTg ,
c1ba0806-37ff-41eb-89a0-a0d26e1ae2cb,Kaitlyn Hair,,,
c1ba0806-37ff-41eb-89a0-a0d26e1ae2cb,Megan McManus,ff39d9ea-0b5a-4c56-9f0b-f1b612913374,3xTg ,
c1ba0806-37ff-41eb-89a0-a0d26e1ae2cb,Megan McManus,,,
e5a33808-4aad-4eef-b047-289d30bfe1bb,Megan McManus,,,
e5a33808-4aad-4eef-b047-289d30bfe1bb,Megan McManus,bd4585a8-fe77-4709-8152-3a1801a3bfb2,3xTg ,
e5ecca0d-e386-4fb9-81aa-98f24ff5b988,Kaitlyn Hair,,,
e5ecca0d-e386-4fb9-81aa-98f24ff5b988,Kaitlyn Hair,ec339f26-b705-498c-90fc-1ecaebd0ae1a,3xTg ,
b9b32bb4-9032-408b-a437-908234d0e001,Kaitlyn Hair,,,
b9b32bb4-9032-408b-a437-908234d0e001,Kaitlyn Hair,c860c99a-b3b7-450f-a0c9-96dd162892d6,3xTg ,
3a3a21e7-7ab3-43d9-ad4e-be14c2f02680,Kaitlyn Hair,c94777cd-2a54-4e73-8aa7-ad22f0c231b6,3xTg ,
3a3a21e7-7ab3-43d9-ad4e-be14c2f02680,Megan McManus,e13a3760-5993-4cc5-b973-6080c0f13d8d,3xTg ,
3a3a21e7-7ab3-43d9-ad4e-be14c2f02680,Megan McManus,3bd5f947-7af7-47c2-a18b-5455abbf8f4c,3xTg ,
869d7670-3382-4292-ab7b-84f6feaa2f20,Megan McManus,aaada5df-6ad3-4469-b7fb-3784d4bf82fe,3xTg ,
869d7670-3382-4292-ab7b-84f6feaa2f20,Megan McManus,,,
0e6af03c-91de-4e1d-8425-cc97fc68fb8b,Megan McManus,9370171f-4a21-498f-901b-4d5e9e5c7c02,3xTg ,
0e6af03c-91de-4e1d-8425-cc97fc68fb8b,Megan McManus,,,
0e6af03c-91de-4e1d-8425-cc97fc68fb8b,Kaitlyn Hair,64dc2f6d-5d10-4070-aa04-be67e2d101d5,3xTg ,
0e6af03c-91de-4e1d-8425-cc97fc68fb8b,Kaitlyn Hair,,,
1175ebb1-2e29-49f1-b4f0-50bc0fdc61e5,Megan McManus,70beddcc-d15e-405c-8de8-5b0eeb69f8a8,htau,
1175ebb1-2e29-49f1-b4f0-50bc0fdc61e5,Megan McManus,,,
6f555263-2868-4881-b3b6-465d756cdb9d,Kaitlyn Hair,,,
6f555263-2868-4881-b3b6-465d756cdb9d,Kaitlyn Hair,70390ecf-9fe0-409e-9e6d-7e03202dc719,Other (please leave a comment),Tau.P301L x GSK3b.S9A
6f555263-2868-4881-b3b6-465d756cdb9d,Kaitlyn Hair,7dea94be-fe57-4453-b6c7-384f0dc06be5,Tau P301L,
dbc60564-af7c-4b45-95ba-0ed91be052e5,Kaitlyn Hair,9c8001a9-e1d6-42c8-9041-d7a644adc401,APPswe/PSEN1dE9,
dbc60564-af7c-4b45-95ba-0ed91be052e5,Kaitlyn Hair,,,
dbc60564-af7c-4b45-95ba-0ed91be052e5,Megan McManus,,,
dbc60564-af7c-4b45-95ba-0ed91be052e5,Megan McManus,b34cccc3-a5e8-4b8b-93a5-1534695ff514,APPswe/PSEN1dE9,
ea7a6df3-9c39-45cf-b977-c591c6e1f1f5,Megan McManus,3b4a546f-92a4-4444-bd69-ebc5b26aa37f,Other (please leave a comment),PS1V97L-Tg
ea7a6df3-9c39-45cf-b977-c591c6e1f1f5,Megan McManus,,,
ea7a6df3-9c39-45cf-b977-c591c6e1f1f5,Megan McManus,,,
44be3e22-dca3-4ce7-80e2-de5742107fcb,Megan McManus,390ee3de-d862-4e4e-96bc-323a90f09fb1,TauRDΔK280 (“Proaggregation mutant”),
44be3e22-dca3-4ce7-80e2-de5742107fcb,Megan McManus,3b3ced48-b795-451c-8046-9d10c8eae3b1,Other (please leave a comment),Anti-aggregant form carried the mutations K280/I277P/I308P so would be TauRDxK280/I277P/I308P
44be3e22-dca3-4ce7-80e2-de5742107fcb,Megan McManus,,,
1e2c2737-4a4e-49a5-afd7-65e6b619ccd2,Megan McManus,794933d3-5b0c-4c99-b8a6-c896fabdc6dc,3xTg ,
1e2c2737-4a4e-49a5-afd7-65e6b619ccd2,Megan McManus,,,
1e2c2737-4a4e-49a5-afd7-65e6b619ccd2,Megan McManus,ece1eeb7-f46e-4ded-88ae-4fe59a143d01,PS1(M146L),
1e2c2737-4a4e-49a5-afd7-65e6b619ccd2,Kaitlyn Hair,0c9b95b3-b22e-4e5b-92b8-d2ba1d2b4ee1,3xTg ,
1e2c2737-4a4e-49a5-afd7-65e6b619ccd2,Kaitlyn Hair,,,
1e2c2737-4a4e-49a5-afd7-65e6b619ccd2,Kaitlyn Hair,a4cc5656-5b87-4235-854e-6333f29b5476,PS1(M146V),
1e2c2737-4a4e-49a5-afd7-65e6b619ccd2,Kaitlyn Hair,eeae57c2-b43d-490b-9781-c42cec8dbc8c,Other (please leave a comment),2xTg (PS1M146V/TauP301L)
1e2c2737-4a4e-49a5-afd7-65e6b619ccd2,Kaitlyn Hair,6687b2c5-ed93-4df0-9562-5d6472deb7b8,Other (please leave a comment),2xTg (PS1M146V/TauP301L)
1e2c2737-4a4e-49a5-afd7-65e6b619ccd2,Kaitlyn Hair,,,
1e2c2737-4a4e-49a5-afd7-65e6b619ccd2,Kaitlyn Hair,b05a67a3-0866-49eb-a4dd-99c9ebef5f02,Other (please leave a comment),2xTg (PS1M146V/TauP301L)
1e2c2737-4a4e-49a5-afd7-65e6b619ccd2,Kaitlyn Hair,02aae8a9-e5ce-418b-a78e-1a755a7b79fa,3xTg ,
8f53ca90-0818-44ce-9771-60f42b4d499a,Kaitlyn Hair,a5ef65e4-7936-49bd-b0c7-28e3bec86b6c,3xTg ,
8f53ca90-0818-44ce-9771-60f42b4d499a,Kaitlyn Hair,,,
b1175f3d-4b03-4c47-97cd-1ef4f7535870,Kaitlyn Hair,df180aa1-8010-40cc-95ff-029f634561db,3xTg ,
b1175f3d-4b03-4c47-97cd-1ef4f7535870,Kaitlyn Hair,,,
b1175f3d-4b03-4c47-97cd-1ef4f7535870,Megan McManus,503640f3-339f-44db-b0f8-9021c081f9e0,APPPS1,
b1175f3d-4b03-4c47-97cd-1ef4f7535870,Megan McManus,803de086-b2f6-4dde-b4a5-35e78cea94a6,3xTg ,
b1175f3d-4b03-4c47-97cd-1ef4f7535870,Megan McManus,3299d412-b259-4201-a3cb-bfa1f3862e01,E4FAD,
b1175f3d-4b03-4c47-97cd-1ef4f7535870,Megan McManus,b8e5cd0d-b67d-4c92-b419-f0430032cb3a,Other (please leave a comment),Aldh2−/−
b1175f3d-4b03-4c47-97cd-1ef4f7535870,Megan McManus,,,
78c73225-7f67-4233-80ab-0041951984bb,Kaitlyn Hair,,,
78c73225-7f67-4233-80ab-0041951984bb,Kaitlyn Hair,f4de4d37-49cc-4750-9e97-2aa3814919c6,3xTg ,
78c73225-7f67-4233-80ab-0041951984bb,Megan McManus,29e130ee-c5a1-4c75-99c0-9e42690081fb,3xTg ,
78c73225-7f67-4233-80ab-0041951984bb,Megan McManus,,,
72a0e9f6-cc88-4fd0-87d2-8f5aa9cd2c94,Megan McManus,b55f5ca4-f604-4925-a079-138ba73f7e1e,3xTg ,
72a0e9f6-cc88-4fd0-87d2-8f5aa9cd2c94,Megan McManus,,,
8c12d273-f162-4bbb-9fa4-1743a3cfb916,Kaitlyn Hair,,,
8c12d273-f162-4bbb-9fa4-1743a3cfb916,Kaitlyn Hair,93d10d61-5eb4-4c96-b85e-7beb6e7bdf60,3xTg ,
8c12d273-f162-4bbb-9fa4-1743a3cfb916,Megan McManus,,,
8c12d273-f162-4bbb-9fa4-1743a3cfb916,Megan McManus,8bf05035-3272-46be-9e25-45367d5b19ab,3xTg ,
8c12d273-f162-4bbb-9fa4-1743a3cfb916,Emma Wilson,af80dc17-bfdc-42b5-a8c8-374d01d1f8ab,3xTg ,
8c12d273-f162-4bbb-9fa4-1743a3cfb916,Emma Wilson,,,
4b3a3175-a929-47ea-b1b5-1c04b9d4902f,Kaitlyn Hair,,,
4b3a3175-a929-47ea-b1b5-1c04b9d4902f,Kaitlyn Hair,1eb01537-fba7-4944-9743-6e7a658ae6fa,rTg(tauP301L)4510,
4b3a3175-a929-47ea-b1b5-1c04b9d4902f,Megan McManus,16782af4-4e26-412f-b171-ff2ffece9bc7,rTg(tauP301L)4510,
4b3a3175-a929-47ea-b1b5-1c04b9d4902f,Megan McManus,,,
e3f3a9f1-6e0d-43e4-bf4d-27932293a9c8,Megan McManus,,,
e3f3a9f1-6e0d-43e4-bf4d-27932293a9c8,Megan McManus,783fa6a9-7b61-4bfc-b49c-bd0aba4c2aa6,3xTg ,
ccac1a21-a074-41db-bdb8-a27876d534b7,Kaitlyn Hair,,,
ccac1a21-a074-41db-bdb8-a27876d534b7,Kaitlyn Hair,c9667f20-7707-4151-8c4e-3f09da6233e9,3xTg ,
ccac1a21-a074-41db-bdb8-a27876d534b7,Christina Brown,,,
ccac1a21-a074-41db-bdb8-a27876d534b7,Christina Brown,be729017-670b-4d02-bd84-2a0c29e6707d,3xTg ,
ccac1a21-a074-41db-bdb8-a27876d534b7,Megan McManus,4656c4ee-ad37-4b39-a92c-6b1237037094,3xTg ,
ccac1a21-a074-41db-bdb8-a27876d534b7,Megan McManus,,,
ccac1a21-a074-41db-bdb8-a27876d534b7,Andia Mir,7a71dda9-92fe-489a-99ed-75ee321ad138,3xTg ,
ccac1a21-a074-41db-bdb8-a27876d534b7,Andia Mir,,,
ccac1a21-a074-41db-bdb8-a27876d534b7,Emma Wilson,,,
ccac1a21-a074-41db-bdb8-a27876d534b7,Emma Wilson,109d2da1-3c6c-4ae5-ae66-d8a4b0fb5b76,3xTg ,
ccac1a21-a074-41db-bdb8-a27876d534b7,Nathalia Pinheiro,8664a87d-04e8-41c3-8f63-c7183847fe26,3xTg ,
ccac1a21-a074-41db-bdb8-a27876d534b7,Nathalia Pinheiro,,,
ccac1a21-a074-41db-bdb8-a27876d534b7,Jenny Berrio,b1a67a4e-7228-4c5d-9139-f6c7648424b2,3xTg ,
ccac1a21-a074-41db-bdb8-a27876d534b7,Jenny Berrio,,,
ccac1a21-a074-41db-bdb8-a27876d534b7,Isabel Lefevre,c32369a5-4613-4ee0-8970-599e6d03163d,3xTg ,3 × TgAD mice (PS1m146v/APPswe/TauP301L)
ccac1a21-a074-41db-bdb8-a27876d534b7,Isabel Lefevre,,,
ccac1a21-a074-41db-bdb8-a27876d534b7,Kimberley Wever,7b48f764-1e6e-4c29-8896-8a7e16971348,3xTg ,
ccac1a21-a074-41db-bdb8-a27876d534b7,Kimberley Wever,,,
ccac1a21-a074-41db-bdb8-a27876d534b7,Laurel Renton,063da977-e8d5-4cab-a442-5dacb0749e9f,3xTg ,
ccac1a21-a074-41db-bdb8-a27876d534b7,Laurel Renton,,,
ccac1a21-a074-41db-bdb8-a27876d534b7,Ella Lambert,c9795d80-a53b-4b53-b2d1-1f2ec6874f48,3xTg ,
ccac1a21-a074-41db-bdb8-a27876d534b7,Ella Lambert,,,
ccac1a21-a074-41db-bdb8-a27876d534b7,Olena Maksym,effc3fcd-78f8-47c0-b2fb-a50b14871805,3xTg ,
ccac1a21-a074-41db-bdb8-a27876d534b7,Olena Maksym,,,
d5ed896f-7857-41d1-ae57-8ddaaab8988b,Kaitlyn Hair,7f93a70b-0b90-4c1e-843a-7115402f7816,Tg2576,
d5ed896f-7857-41d1-ae57-8ddaaab8988b,Megan McManus,7b6885f2-d997-4cb9-9e1f-9fbea6c03cd3,Tg2576,
d5ed896f-7857-41d1-ae57-8ddaaab8988b,Megan McManus,,,
3a35171f-4bad-4d49-8097-284f3c9aac05,Kaitlyn Hair,,,
3a35171f-4bad-4d49-8097-284f3c9aac05,Kaitlyn Hair,b2b79539-0ad3-4547-b7a0-a140babd04de,APPswe/PSEN1dE9,
3a35171f-4bad-4d49-8097-284f3c9aac05,Megan McManus,,,
3a35171f-4bad-4d49-8097-284f3c9aac05,Megan McManus,4465314d-b9a5-4701-a32b-79ca63efb8c4,APPPS1,
b380940e-bc37-4824-82f6-5490d3b97375,Kaitlyn Hair,55867238-92e9-4bc0-9025-8635c84d1c5c,Other (please leave a comment),APP/PS1 no further detail
b380940e-bc37-4824-82f6-5490d3b97375,Kaitlyn Hair,,,
b380940e-bc37-4824-82f6-5490d3b97375,Megan McManus,,,
b380940e-bc37-4824-82f6-5490d3b97375,Megan McManus,b33f5dbe-04c2-4100-9d70-1676115dbcdf,Other (please leave a comment),APP/PS1
b380940e-bc37-4824-82f6-5490d3b97375,Olena Maksym,75d1f8f4-eb5e-412a-8b1b-f74674c4362a,APPPS1,
b380940e-bc37-4824-82f6-5490d3b97375,Olena Maksym,,,
5e7683db-9e66-4f13-9ecd-d8042e09f43e,Megan McManus,,,
5e7683db-9e66-4f13-9ecd-d8042e09f43e,Megan McManus,92938572-871e-4f2d-bc6f-049992345aa8,Tau35,
1eccac17-6e65-4984-b830-ab0fbac9235d,Megan McManus,,,
1eccac17-6e65-4984-b830-ab0fbac9235d,Megan McManus,3d94ff5f-c032-43d4-9456-2d6a7f50774e,Other (please leave a comment),APPswe/ PS1M146L
1eccac17-6e65-4984-b830-ab0fbac9235d,Megan McManus,1848cb94-08d3-4fc6-ac94-1c5951b71e48,rTg(tauP301L)4510,
1eccac17-6e65-4984-b830-ab0fbac9235d,Kaitlyn Hair,,,
1eccac17-6e65-4984-b830-ab0fbac9235d,Kaitlyn Hair,,,
1eccac17-6e65-4984-b830-ab0fbac9235d,Kaitlyn Hair,eb3b6b88-0509-48c0-846c-154d54cd6431,PS/APP,
1eccac17-6e65-4984-b830-ab0fbac9235d,Kaitlyn Hair,6b06d112-7340-49e5-b9f0-1a7c538709c8,rTg(tauP301L)4510,
55f1da84-3a2e-4caa-b3fe-2249882cd836,Kaitlyn Hair,27ad15b6-ad9f-4f2e-8181-049789b943e8,rTg(tauP301L)4510,
55f1da84-3a2e-4caa-b3fe-2249882cd836,Kaitlyn Hair,,,
55f1da84-3a2e-4caa-b3fe-2249882cd836,Megan McManus,bddf562c-9fa4-4b1c-bbcf-3a3001ec3661,5xFAD (C57BL6),
55f1da84-3a2e-4caa-b3fe-2249882cd836,Megan McManus,d6063ff5-8084-477b-8645-e6cccbc7a034,rTg(tauP301L)4510,
55f1da84-3a2e-4caa-b3fe-2249882cd836,Megan McManus,,,
cfc0df99-d574-4b33-8a6c-40903fd12864,Kaitlyn Hair,,,
cfc0df99-d574-4b33-8a6c-40903fd12864,Kaitlyn Hair,958fbe19-d5ec-4d3f-9eb0-f496e8e169e7,rTg(tauP301L)4510,
cfc0df99-d574-4b33-8a6c-40903fd12864,Megan McManus,,,
cfc0df99-d574-4b33-8a6c-40903fd12864,Megan McManus,dd43601a-64d4-4d4a-87fe-2980849fb20f,rTg(tauP301L)4510,
c28e4928-19cc-4b09-9162-56622db915fc,Megan McManus,,,
c28e4928-19cc-4b09-9162-56622db915fc,Megan McManus,45ea1f52-be7b-43dd-927b-263765ffa3b7,Other (please leave a comment),TauKQhigh
c28e4928-19cc-4b09-9162-56622db915fc,Megan McManus,99914da6-36e3-4361-b2a2-d64e2ed9be2e,Other (please leave a comment),TauKQ
c28e4928-19cc-4b09-9162-56622db915fc,Megan McManus,3a804f33-72c1-4a13-8c22-b563544ca4ad,Other (please leave a comment),tau WT
9a8808fe-3b1e-47dc-a20f-be92bcf1d3b9,Kaitlyn Hair,8dd69b81-9619-49b5-85ce-36d9a21dfa82,3xTg ,
9a8808fe-3b1e-47dc-a20f-be92bcf1d3b9,Kaitlyn Hair,,,
9a8808fe-3b1e-47dc-a20f-be92bcf1d3b9,Megan McManus,1cadb717-d572-4906-ad5f-ea8d67eeab39,3xTg ,
9a8808fe-3b1e-47dc-a20f-be92bcf1d3b9,Megan McManus,,,
261f1b83-8635-4fea-bf27-fecf67dce08f,Kaitlyn Hair,,,
261f1b83-8635-4fea-bf27-fecf67dce08f,Kaitlyn Hair,e8b0e8c1-6d91-4093-aa2c-24ea0b6747d1,TauPS2APP,
03ce484d-5a84-4e4b-be56-7ea563dc3475,Kaitlyn Hair,,,
03ce484d-5a84-4e4b-be56-7ea563dc3475,Kaitlyn Hair,,,
03ce484d-5a84-4e4b-be56-7ea563dc3475,Kaitlyn Hair,38b1952b-33f6-47a6-a893-f59d9ef65913,rTg(tauP301L)4510,
d4cfcda7-e927-45a7-a6bb-e63c38208837,Megan McManus,745d3749-b407-48b2-8d73-9e21bd71b4e8,APPPS1,
d4cfcda7-e927-45a7-a6bb-e63c38208837,Megan McManus,,,
0d84aca9-4b0f-4f20-bd1d-4a0431474b6b,Kaitlyn Hair,547d5e71-0006-4bd0-8878-286ced630c9d,Tg2576,
0d84aca9-4b0f-4f20-bd1d-4a0431474b6b,Kaitlyn Hair,,,
0d84aca9-4b0f-4f20-bd1d-4a0431474b6b,Megan McManus,,,
0d84aca9-4b0f-4f20-bd1d-4a0431474b6b,Megan McManus,59d35fb3-ec8c-44dc-aa17-a5a1d0851ae5,Tg2576,
0207f94e-d70d-4796-9611-3461224842b2,Kaitlyn Hair,ed9fa409-433b-45c1-a582-c2ce680ace8b,APP23,
0207f94e-d70d-4796-9611-3461224842b2,Kaitlyn Hair,,,
0207f94e-d70d-4796-9611-3461224842b2,Olena Maksym,577d08a7-b949-4a42-b743-3951728bb3da,APP23,
0207f94e-d70d-4796-9611-3461224842b2,Olena Maksym,,,
3e2093ea-6c93-4c1f-b511-fcbe443c13c2,Megan McManus,6907e3af-9b8f-4ee8-a751-f9a92bd0235b,APPPS1,
3e2093ea-6c93-4c1f-b511-fcbe443c13c2,Megan McManus,,,
9f80daa6-42b8-4628-a053-27b8caa641c1,Megan McManus,b7d1248b-3e23-42b3-8c93-24c6b0acb4b4,THY-Tau22,THY-Tau22
9f80daa6-42b8-4628-a053-27b8caa641c1,Megan McManus,,,
b4536c92-1c4f-474a-8434-087e673059d6,Kaitlyn Hair,,,
b4536c92-1c4f-474a-8434-087e673059d6,Kaitlyn Hair,3dd3ce47-7c5b-4808-b73e-38be689a1474,APP751SL/PS1 KI,
b4536c92-1c4f-474a-8434-087e673059d6,Megan McManus,a07b9ca0-d73c-4965-8304-b41ad842047c,Other (please leave a comment),PS1 KI
b4536c92-1c4f-474a-8434-087e673059d6,Megan McManus,,,
b4536c92-1c4f-474a-8434-087e673059d6,Megan McManus,a61f3b3f-8b1c-4e6b-86c0-5d4533a0f314,APPPS1,
68598984-9013-4407-b942-532d5d8727fc,Kaitlyn Hair,80c1f923-60d1-41f9-9d6c-089c7703fdec,3xTg ,
68598984-9013-4407-b942-532d5d8727fc,Kaitlyn Hair,,,
68598984-9013-4407-b942-532d5d8727fc,Megan McManus,,,
68598984-9013-4407-b942-532d5d8727fc,Megan McManus,d5abf7d2-6924-440e-87aa-1e3180f95daa,Other (please leave a comment), S6K1 knock-out 
68598984-9013-4407-b942-532d5d8727fc,Megan McManus,f331c24f-5e79-4c52-9a26-33c89c9ac9b3,3xTg ,
68598984-9013-4407-b942-532d5d8727fc,Megan McManus,583f9f3f-f890-459f-94a8-da10233cc2e8,Other (please leave a comment),3xTg/S6K1 knock-out 
5f07a932-4c0a-47f8-9caf-76e9a66889e9,Kaitlyn Hair,7b0cb301-58a2-4f41-b8cb-c1cc74d346e8,TgCRND8,
5f07a932-4c0a-47f8-9caf-76e9a66889e9,Kaitlyn Hair,,,
5f07a932-4c0a-47f8-9caf-76e9a66889e9,Megan McManus,f56c10eb-d883-43bf-902a-28324ee06edd,TgCRND8,TgCRND8
5f07a932-4c0a-47f8-9caf-76e9a66889e9,Megan McManus,,,
e843ba1f-1adb-4fa8-ac7b-58c7616648cc,Megan McManus,,,
e843ba1f-1adb-4fa8-ac7b-58c7616648cc,Megan McManus,899aa16e-4afb-47fc-ac1a-e4c9c5c628b2,Other (please leave a comment),APP.V717I× Tau.P301L
e843ba1f-1adb-4fa8-ac7b-58c7616648cc,Megan McManus,007ada25-becb-4f12-a10d-cb3bffc2315a,Tau P301L,
e843ba1f-1adb-4fa8-ac7b-58c7616648cc,Megan McManus,87a55803-f1c3-4a81-8a64-017c2b0eef89,APP(V717I),
ffe3f6b1-e7b7-41ee-9149-e7e6a30d71f3,Kaitlyn Hair,5d67cae5-69d9-4157-b52f-b5a37f092d58,Tg2576,
ffe3f6b1-e7b7-41ee-9149-e7e6a30d71f3,Kaitlyn Hair,,,
eebb503c-3175-4065-995e-c3ab62457509,Megan McManus,,,
eebb503c-3175-4065-995e-c3ab62457509,Megan McManus,857650d6-86b8-4b88-bd44-c050d8284574,APPSwe/PSEN1(A246E),
ec5fdfae-591c-4a1c-905d-3c1fefb38289,Megan McManus,,,
ec5fdfae-591c-4a1c-905d-3c1fefb38289,Megan McManus,6fcfa497-1ce9-4161-a5b8-71ad01b6d371,APPPS1,
3a8fbc2f-d931-4683-8ef0-7d22d7d05414,Kaitlyn Hair,,,
3a8fbc2f-d931-4683-8ef0-7d22d7d05414,Kaitlyn Hair,5ea54bdf-e924-491f-8402-0d9fbad863c4,APPswe/PSEN1dE9,
05c52048-fd06-4229-969a-1047e76cec79,Kaitlyn Hair,2880dba9-ab4c-4083-b6bd-f9fe9db1f410,APPswe/PSEN1dE9,"(B6C3-Tg [APPswe, PSEN1dE9]85Dbo/J)"
05c52048-fd06-4229-969a-1047e76cec79,Kaitlyn Hair,,,
05c52048-fd06-4229-969a-1047e76cec79,Olena Maksym,d8e5b937-3678-4e54-8de0-48080b2da028,APPswe/PSEN1dE9,
05c52048-fd06-4229-969a-1047e76cec79,Olena Maksym,,,
bfe1d0f3-41cb-4084-a0cc-d753b6a6ec72,Megan McManus,,,
bfe1d0f3-41cb-4084-a0cc-d753b6a6ec72,Megan McManus,3d8d3c27-59ce-404e-98d3-25e53da49b0e,APPswe/PSEN1dE9,Mo/HuAPP695sw/PSEN1dE9
1884ee26-a600-450d-ad9c-ee933854b337,Kaitlyn Hair,df805c72-dfae-4d26-a90f-40dfed7cf032,3xTg ,
1884ee26-a600-450d-ad9c-ee933854b337,Kaitlyn Hair,,,
4288bd6c-46c0-4de9-8a57-801921cf5397,Kaitlyn Hair,747147ab-4312-4f28-bb70-b5350a2caa24,3xTg ,"The 3  Tg mice harboring a mutant APP (KM670/671NL), a
human mutant PS1 (M146V) knockin and tau (P301L) transgenes; 3  Tg
wild type (WT) and mice genetically deficient for 5LO (5LOKO) used in the
study were reported previously.5,12 All the animals were backcrossed 10
times on the same genetic background"
4288bd6c-46c0-4de9-8a57-801921cf5397,Kaitlyn Hair,,,
4288bd6c-46c0-4de9-8a57-801921cf5397,Megan McManus,1d2ae1b8-415f-4795-ad68-4eba944fe6bc,3xTg ,
4288bd6c-46c0-4de9-8a57-801921cf5397,Megan McManus,2dbd8de9-1f12-4497-8ecb-87e65b88a6c0,Other (please leave a comment),5LOKO
4288bd6c-46c0-4de9-8a57-801921cf5397,Megan McManus,,,
a9e9ee2b-d66f-45b7-bcbc-9f116d1e0837,Megan McManus,,,
a9e9ee2b-d66f-45b7-bcbc-9f116d1e0837,Megan McManus,84f39c29-2517-481b-9706-dded1168a40d,APPPS1,
462ff8cb-cb3a-440f-a488-f8feebd1202d,Kaitlyn Hair,43f6674f-0cb5-467a-bfc5-1f7b3fdb8aef,APPswe/PSEN1dE9,
462ff8cb-cb3a-440f-a488-f8feebd1202d,Kaitlyn Hair,,,
462ff8cb-cb3a-440f-a488-f8feebd1202d,Megan McManus,,,
462ff8cb-cb3a-440f-a488-f8feebd1202d,Megan McManus,561bfa37-9a9c-4e1e-a662-ef7c02845caf,Other (please leave a comment),APP/PS1/Parkin OE
462ff8cb-cb3a-440f-a488-f8feebd1202d,Megan McManus,e13b4476-49e6-496a-987e-f9aad6a3b564,APPswe/PSEN1dE9,
9fc3e1d7-07ec-4ad4-a79b-036021df4482,Megan McManus,e84687af-f1de-4a35-bafe-48b3320630ba,3xTg ,
9fc3e1d7-07ec-4ad4-a79b-036021df4482,Megan McManus,dfcbb661-b805-4970-ae9e-96a96f153995,Other (please leave a comment),3xTg/5LO-/-
3eb7e19e-77ec-4355-af12-22ad23f78dc7,Kaitlyn Hair,76004f77-efb8-4b14-b44e-5be1f7c88514,APPswe/PSEN1dE9,
3eb7e19e-77ec-4355-af12-22ad23f78dc7,Kaitlyn Hair,,,
3eb7e19e-77ec-4355-af12-22ad23f78dc7,Olena Maksym,1b09cd26-0bb0-4af4-8a49-14ce1a147135,APPSwe/PSEN1dE9,
3eb7e19e-77ec-4355-af12-22ad23f78dc7,Olena Maksym,,,
7b00e696-cef9-4e59-86a5-ffe7fbcd8d4f,Kaitlyn Hair,c1d0e5c5-613a-4873-84a2-2ccb0cfd92b2,APPswe/PSEN1dE9,
7b00e696-cef9-4e59-86a5-ffe7fbcd8d4f,Kaitlyn Hair,,,
7b00e696-cef9-4e59-86a5-ffe7fbcd8d4f,Olena Maksym,4aaf6b57-4050-47a0-aed3-fb3c1dd6486c,APPPS1,
7b00e696-cef9-4e59-86a5-ffe7fbcd8d4f,Olena Maksym,,,
539156a2-34e9-427e-bc18-08a7b853d072,Kaitlyn Hair,,,
539156a2-34e9-427e-bc18-08a7b853d072,Kaitlyn Hair,38f79b8d-5ab2-4b25-bbe7-4d49152ea236,"J20 (PDGF-APPSw,Ind)",
539156a2-34e9-427e-bc18-08a7b853d072,Olena Maksym,d5d9ada1-682e-4de2-891a-cf05a9c11ee6,"J20 (PDGF-APPSw,Ind)",
539156a2-34e9-427e-bc18-08a7b853d072,Olena Maksym,,,
5c50de59-fe63-4d6b-83b1-93bd36c8c775,Megan McManus,4df7ae5a-6150-49f7-b9ea-9c4dd0943d00,PLB1-triple (hAPP/hTau/hPS1),"Due to the positioning of the HPRT locus on the X-chromosome, male transgenic mice were hemizygous (+) whereas females were either hetero-(+/−) or homozygous (+/+) for the transgenes"
5c50de59-fe63-4d6b-83b1-93bd36c8c775,Megan McManus,44dfce14-4ddc-4a62-9bb0-e47dc95e687e,PLB1-triple (hAPP/hTau/hPS1),"Due to the positioning of the HPRT locus on the X-chromosome, male transgenic mice were hemizygous (+) whereas females were either hetero-(+/−) or homozygous (+/+) for the transgenes"
5c50de59-fe63-4d6b-83b1-93bd36c8c775,Megan McManus,88d2b7ed-24a7-4e91-af52-e5ad89787c78,PS1(A246E),
5c50de59-fe63-4d6b-83b1-93bd36c8c775,Megan McManus,019ecda4-8548-47b5-93ab-7533c1acacd2,PLB1-triple (hAPP/hTau/hPS1),
5c50de59-fe63-4d6b-83b1-93bd36c8c775,Megan McManus,12910fe2-20de-4f02-bec7-9e149417b3e1,PLB1-triple (hAPP/hTau/hPS1),"Due to the positioning of the HPRT locus on the X-chromosome, male transgenic mice were hemizygous (+) whereas females were either hetero-(+/−) or homozygous (+/+) for the transgenes"
68bd7899-764f-4931-bf9a-521404d12611,Kaitlyn Hair,17d2bbc8-3b9e-445e-a3f7-67b0c100e2fc,Other (please leave a comment),"double transgenic mice that express two human FAD mutations, presenilin 1 (PS1- M146V) [22] and the double Swedish APP mutation [(HuAPP695.K670N-M671L) 2576: APPswe]"
68bd7899-764f-4931-bf9a-521404d12611,Kaitlyn Hair,,,
a75f3ca1-a81a-4281-86da-96c8302e6318,Megan McManus,67d3066a-5d06-43a7-8299-ef893e19b891,Tg2576,
a75f3ca1-a81a-4281-86da-96c8302e6318,Megan McManus,,,
f2cb51d6-db09-4fcb-9eac-efb5c39dfc36,Kaitlyn Hair,ef5c2f78-5d48-41b0-9e5c-f8fc5f5cf69a,"J20 (PDGF-APPSw,Ind)",
f2cb51d6-db09-4fcb-9eac-efb5c39dfc36,Kaitlyn Hair,,,
61f2a085-9c62-45b9-8551-42bda4527db2,Kaitlyn Hair,acd60a44-bf3d-4791-80b5-59116bd1a8a7,Other (please leave a comment),"Transgenic rats used in the present study were homozygous for
mutant APP and PS1 (Flood et al., 2003) and were on the inbred
Sprague–Dawley background. Line 478 expressing the Ceph 12
construct (rat synapsin I promoter and human APP 695 with the
familial AD K670N/M671L mutations) were crossed with line
1116 rats expressing the sisAPP69-NLF construct (PDGFβ
promoter and human APP695 with the familial AD K670N/
M671L and V717F mutations) and the offspring were inbred to
generate rats homozygous at both loci. Double Tg rats were
crossed to the third transgenic line, line 11587 expressing the 1015
construct (rat synapsin I promoter and human PS1 with the familial
AD M146V mutation)."
61f2a085-9c62-45b9-8551-42bda4527db2,Kaitlyn Hair,,,
61f2a085-9c62-45b9-8551-42bda4527db2,Megan McManus,,,
61f2a085-9c62-45b9-8551-42bda4527db2,Megan McManus,3775c8d8-5b07-45d0-b151-d68f65b9219b,APPPS1,
67daffe0-2308-4ff8-842d-e7420f78b587,Kaitlyn Hair,113186a9-8898-496c-b39b-16583e73edaf,3xTg ,
67daffe0-2308-4ff8-842d-e7420f78b587,Kaitlyn Hair,,,
67daffe0-2308-4ff8-842d-e7420f78b587,Megan McManus,,,
67daffe0-2308-4ff8-842d-e7420f78b587,Megan McManus,4f8a53f6-5a9c-4f36-bc1d-854c1e51666c,3xTg ,
ae78b930-5b2f-4fce-89c7-558a58c17bad,Kaitlyn Hair,ed23dc32-8c96-4c9f-871d-9b713ff740cf,5xFAD (C57BL6),
ae78b930-5b2f-4fce-89c7-558a58c17bad,Kaitlyn Hair,,,
8852af01-f198-4cb8-856a-28d451c7cbb8,Kaitlyn Hair,6310a4a7-bd1a-4c17-be8d-bc974977ed00,Tg2576,
8852af01-f198-4cb8-856a-28d451c7cbb8,Kaitlyn Hair,,,
135ffe3a-12a4-4084-86c7-41c1c5ab42ff,Kaitlyn Hair,cc3e710c-1b20-4d28-b42a-ef6700986f2f,APPswe/PSEN1dE9,
135ffe3a-12a4-4084-86c7-41c1c5ab42ff,Kaitlyn Hair,,,
135ffe3a-12a4-4084-86c7-41c1c5ab42ff,Megan McManus,,,
135ffe3a-12a4-4084-86c7-41c1c5ab42ff,Megan McManus,683dfca1-1116-4004-86c6-60a54f9c79b8,APPswe/PSEN1dE9,
a2516dc5-e808-4e91-96f0-e230cfef4cca,Kaitlyn Hair,,,
a2516dc5-e808-4e91-96f0-e230cfef4cca,Kaitlyn Hair,b1e2bc16-40fc-4650-93d7-91585f0ac85b,Tg2576,
a2516dc5-e808-4e91-96f0-e230cfef4cca,Olena Maksym,aac3e361-d54d-42a5-be27-52cc75b75a8d,Tg2576,
a2516dc5-e808-4e91-96f0-e230cfef4cca,Olena Maksym,,,
46b15b7e-6de7-4507-a333-2cda69deca21,Megan McManus,8c46430d-b113-4687-82fb-c5f383b7fe49,PS1(M146V),
46b15b7e-6de7-4507-a333-2cda69deca21,Megan McManus,,,
b0b3988d-3806-40d1-bb47-1ce097e60356,Megan McManus,,,
b0b3988d-3806-40d1-bb47-1ce097e60356,Megan McManus,461f38bf-64af-4246-855c-526c4620003d,APPPS1,
44f2c3a8-7c11-4008-a780-0650a2cf97c1,Kaitlyn Hair,2a2df08d-a435-438e-8249-dd9efd50e36c,3xTg ,
44f2c3a8-7c11-4008-a780-0650a2cf97c1,Kaitlyn Hair,,,
44f2c3a8-7c11-4008-a780-0650a2cf97c1,Megan McManus,,,
44f2c3a8-7c11-4008-a780-0650a2cf97c1,Megan McManus,48416f85-0a57-44cc-b90e-bf12c3d4ae39,3xTg ,
a6742152-0f71-4555-b1c0-37cf4d5c0984,Megan McManus,44f08273-1443-4c27-ab1f-3525f0b70c23,3xTg ,
a6742152-0f71-4555-b1c0-37cf4d5c0984,Megan McManus,,,
52cd090c-6ae8-4f95-8dfd-00e1331c2b17,Kaitlyn Hair,,,
52cd090c-6ae8-4f95-8dfd-00e1331c2b17,Kaitlyn Hair,ff1c1501-0fa6-45e5-a7f2-4416fbd63f9e,TgCRND8,
52cd090c-6ae8-4f95-8dfd-00e1331c2b17,Olena Maksym,03dbb036-7287-4dfb-a817-615873f31108,TgCRND8,
52cd090c-6ae8-4f95-8dfd-00e1331c2b17,Olena Maksym,,,
f2679b74-3d84-424d-ad53-13bb05ce6eec,Kaitlyn Hair,,,
f2679b74-3d84-424d-ad53-13bb05ce6eec,Kaitlyn Hair,90ba843f-b1d4-4066-9b42-5b3e08b8fe26,3xTg ,
f2679b74-3d84-424d-ad53-13bb05ce6eec,Megan McManus,2df7dee0-0640-4ccb-84b5-2c256374882e,3xTg ,
f2679b74-3d84-424d-ad53-13bb05ce6eec,Megan McManus,,,
f2679b74-3d84-424d-ad53-13bb05ce6eec,Megan McManus,a129363c-60ee-41cc-b60a-bb330eb6ae71,Other (please leave a comment),3xTg/Opt
f2679b74-3d84-424d-ad53-13bb05ce6eec,Megan McManus,2c187d14-dd56-4c0e-8fe2-5c2a61584d4f,Other (please leave a comment),Opt
44f0aa21-5b16-40f1-81a0-9b1091c5b4a5,Kaitlyn Hair,aa87f531-85eb-4034-aa83-024937311051,3xTg ,
44f0aa21-5b16-40f1-81a0-9b1091c5b4a5,Kaitlyn Hair,,,
44f0aa21-5b16-40f1-81a0-9b1091c5b4a5,Olena Maksym,84ac51ae-f027-44c4-8ef3-ac158a6a89b9,3xTg ,
44f0aa21-5b16-40f1-81a0-9b1091c5b4a5,Olena Maksym,,,
4990b200-0a4f-4e94-8e2c-9b70fe20800c,Kaitlyn Hair,,,
4990b200-0a4f-4e94-8e2c-9b70fe20800c,Kaitlyn Hair,d19a6678-53ef-4de2-aa51-97e6066d2fbe,APPswe/PSEN1dE9,
4990b200-0a4f-4e94-8e2c-9b70fe20800c,Megan McManus,,,
4990b200-0a4f-4e94-8e2c-9b70fe20800c,Megan McManus,88b0c960-aed9-426b-b938-9d400395f27e,Other (please leave a comment),Hsp27 transgenic mice then were crossed with APPswe/PS1dE9 mice to generate APPswe/PS1dE9/Hsp27 
4990b200-0a4f-4e94-8e2c-9b70fe20800c,Megan McManus,0937fa1d-4105-44b4-9386-ead601d14aec,APPSwe/PSEN1dE9,
fd5db097-72fc-4371-a6a9-0cb7ca27a3a1,Kaitlyn Hair,28faa344-16ab-4868-8157-8efd002377fb,APPswe/PSEN1dE9,
fd5db097-72fc-4371-a6a9-0cb7ca27a3a1,Kaitlyn Hair,,,
3f41a014-c79e-4dc4-beba-21666b2ddefa,Kaitlyn Hair,660135ad-9b21-43de-acb4-6ce7c6786ca5,APPswe/PSEN1dE9,
3f41a014-c79e-4dc4-beba-21666b2ddefa,Kaitlyn Hair,,,
a37ddd70-aa75-45d4-ae80-35b36b0b5ef4,Megan McManus,,,
a37ddd70-aa75-45d4-ae80-35b36b0b5ef4,Megan McManus,2541fd80-20e1-4dc4-9f45-14a019a6b7f9,APPSwe/PSEN1dE9,
6b368f03-f3d2-4ff4-a4ed-b9895789f5ea,Megan McManus,8989ba09-4262-4418-b8fe-b2defbbf1f0d,3xTg ,
6b368f03-f3d2-4ff4-a4ed-b9895789f5ea,Megan McManus,,,
90d46f57-3ded-434e-915f-5b9a90a891fe,Kaitlyn Hair,ef606a9a-e0a9-409b-80fa-411b7d5dcfc2,3xTg ,
90d46f57-3ded-434e-915f-5b9a90a891fe,Kaitlyn Hair,,,
90d46f57-3ded-434e-915f-5b9a90a891fe,Megan McManus,db93536d-8945-411c-884a-4213db5519ed,3xTg ,
90d46f57-3ded-434e-915f-5b9a90a891fe,Megan McManus,,,
435ae975-ffc3-4134-839c-fa47fbb96702,Megan McManus,,,
435ae975-ffc3-4134-839c-fa47fbb96702,Megan McManus,92ee3688-0874-4d2b-92ba-18c0955c9c58,3xTg ,
435ae975-ffc3-4134-839c-fa47fbb96702,Megan McManus,a5e0df52-67ef-4b4b-a358-e8a8a6e65a51,PS1(M146V),
95966c56-d47c-478e-ad55-32d53dc8cea3,Kaitlyn Hair,9a366aa3-da14-479c-b523-fe28ae1308e6,APPswe/PSEN1dE9,
95966c56-d47c-478e-ad55-32d53dc8cea3,Kaitlyn Hair,,,
95966c56-d47c-478e-ad55-32d53dc8cea3,Megan McManus,1cec6e84-c319-47ce-89fd-c167c1a0671e,APPPS1,
95966c56-d47c-478e-ad55-32d53dc8cea3,Megan McManus,,,
f8e2ff4e-dd48-4a88-a3c4-19d223c9ee37,Kaitlyn Hair,,,
f8e2ff4e-dd48-4a88-a3c4-19d223c9ee37,Kaitlyn Hair,8ca6a2fb-e3f9-4a14-a334-423fcc5d95ca,APPswe/PSEN1dE9,
f8e2ff4e-dd48-4a88-a3c4-19d223c9ee37,Megan McManus,,,
f8e2ff4e-dd48-4a88-a3c4-19d223c9ee37,Megan McManus,274109b5-fc79-448d-a7d8-60f19b74ef8b,APPswe/PSEN1dE9,
9dc10673-8729-4aec-a5af-58a3912d4d03,Megan McManus,32aea74b-382d-4220-9308-6ae7a9f9197e,Other (please leave a comment),STEP-/-
9dc10673-8729-4aec-a5af-58a3912d4d03,Megan McManus,,,
9dc10673-8729-4aec-a5af-58a3912d4d03,Megan McManus,d88e0e43-d9a1-44b4-b62d-71f0df760841,Other (please leave a comment),3xTg STEP-/-
9dc10673-8729-4aec-a5af-58a3912d4d03,Megan McManus,4bc1c6e5-6708-4669-9549-0f10e6517711,3xTg ,
7c08292c-261e-4407-b103-818aeae85e60,Kaitlyn Hair,6aafb585-2d51-4f13-85c3-c064dbbaf27a,APPswe/PSEN1dE9,
7c08292c-261e-4407-b103-818aeae85e60,Kaitlyn Hair,,,
7424b5f4-1302-4883-abff-d1ad32e84891,Kaitlyn Hair,,,
7424b5f4-1302-4883-abff-d1ad32e84891,Kaitlyn Hair,24fa2905-8aa7-4fc0-be4a-b5863ee2edfc,3xTg ,
7424b5f4-1302-4883-abff-d1ad32e84891,Megan McManus,3567f17e-d826-410f-b53e-f30767d9afff,Other (please leave a comment),NgRHHH
7424b5f4-1302-4883-abff-d1ad32e84891,Megan McManus,968f566b-4bf2-4b3a-8785-c830d7952c70,3xTg ,
16f0cd6f-343b-407e-b0d9-7a5afb5d22e3,Kaitlyn Hair,ff0ab8f5-d443-4d25-b689-623870949dc0,APPswe/PSEN1dE9,
16f0cd6f-343b-407e-b0d9-7a5afb5d22e3,Kaitlyn Hair,,,
16f0cd6f-343b-407e-b0d9-7a5afb5d22e3,Olena Maksym,8ef840b5-f3e1-4b09-8d71-9adfecf0c8c2,APPSwe/PSEN1dE9,
16f0cd6f-343b-407e-b0d9-7a5afb5d22e3,Olena Maksym,,,
891e42f5-eed2-4b02-9f6f-c244ff708f18,Kaitlyn Hair,b586206d-bbe6-4d8d-a011-fe7a118d2512,rTg(tauP301L)4510,
891e42f5-eed2-4b02-9f6f-c244ff708f18,Kaitlyn Hair,,,
90dcc411-60f6-4f82-a199-89d53d29929e,Megan McManus,,,
90dcc411-60f6-4f82-a199-89d53d29929e,Megan McManus,4986c49b-6dfe-4d04-8d5c-f94adec9b84c,rTg(tauP301L)4510,
5971fb68-7546-4752-b713-f7e165e2a911,Kaitlyn Hair,22abe6ee-2f31-45cd-9f94-31c21fd558ff,rTg(tauP301L)4510,
5971fb68-7546-4752-b713-f7e165e2a911,Kaitlyn Hair,,,
5971fb68-7546-4752-b713-f7e165e2a911,Megan McManus,,,
5971fb68-7546-4752-b713-f7e165e2a911,Megan McManus,74906eb1-7d00-4a10-88f2-6b8e0ee7ca49,rTg(tauP301L)4510,
95915f3d-5099-4b89-a511-1e420e0764fa,Kaitlyn Hair,3fa04cdb-95fd-43dc-ad86-cfe97f340bbe,APPswe/PSEN1dE9,
95915f3d-5099-4b89-a511-1e420e0764fa,Kaitlyn Hair,,,
0a6fb264-aa40-4bdb-aac6-f60a9672c19d,Megan McManus,7f6bf77e-a586-4e62-926b-3cbd085be6ed,APPPS1,
0a6fb264-aa40-4bdb-aac6-f60a9672c19d,Megan McManus,,,
0a6fb264-aa40-4bdb-aac6-f60a9672c19d,Kaitlyn Hair,847831cf-0d28-4799-b747-9ede0e055324,Other (please leave a comment),APP (K670N:M671L) and human PS1 (M146L)
0304f5cc-dbcc-40de-a624-dd2adde5d3d9,Megan McManus,d9868fda-ffce-4c41-936a-2770c45a0ec5,Tg2576,
0304f5cc-dbcc-40de-a624-dd2adde5d3d9,Megan McManus,,,
0304f5cc-dbcc-40de-a624-dd2adde5d3d9,Kaitlyn Hair,,,
0304f5cc-dbcc-40de-a624-dd2adde5d3d9,Kaitlyn Hair,65f073c8-2cdb-47d1-9f83-966e00d85b8f,Tg2576,
5cb1d53a-944d-4904-b214-7f5f02476834,Megan McManus,0ffccedb-378a-4903-b0e9-ea28da3ca256,APPswe/PSEN1dE9,
5cb1d53a-944d-4904-b214-7f5f02476834,Megan McManus,,,
5cb1d53a-944d-4904-b214-7f5f02476834,Kaitlyn Hair,a499a58f-d4bb-48cf-9a15-dfff42933759,APPSwe/PSEN1dE9,
0ce5b9df-3aaf-44b6-a95c-f4b6cd87ab7a,Kaitlyn Hair,f4662279-e18c-43aa-9477-030410517158,5xFAD (B6SJL),
0ce5b9df-3aaf-44b6-a95c-f4b6cd87ab7a,Kaitlyn Hair,,,
0ce5b9df-3aaf-44b6-a95c-f4b6cd87ab7a,Olena Maksym,faf81df4-8385-4101-a0c6-f1dbe6e8c5da,5xFAD (B6SJL),
0ce5b9df-3aaf-44b6-a95c-f4b6cd87ab7a,Olena Maksym,,,
d348cf94-4b90-4c55-9dbe-dfdb27b26b4b,Megan McManus,a5f315ce-5a50-4ee0-8d0c-2ae380ed3787,APPswe/PSEN1dE9,
d348cf94-4b90-4c55-9dbe-dfdb27b26b4b,Megan McManus,,,
c9939493-fca5-4f3c-9034-7f2ae1c1c677,Megan McManus,0a5c55ea-995c-49ff-b3d9-75d34f2eca97,APPPS1,
c9939493-fca5-4f3c-9034-7f2ae1c1c677,Megan McManus,,,
c9939493-fca5-4f3c-9034-7f2ae1c1c677,Kaitlyn Hair,,,
c9939493-fca5-4f3c-9034-7f2ae1c1c677,Kaitlyn Hair,79ff93c3-469e-4239-8b27-c7f99e3bfe2e,Other (please leave a comment),APP/PS1 no further details
63c810ac-985c-44f6-ad88-6b960c094cc7,Kaitlyn Hair,,,
63c810ac-985c-44f6-ad88-6b960c094cc7,Kaitlyn Hair,32ff91f5-7695-495c-9b5e-0b8713dd2cab,APPswe/PSEN1dE9,
63c810ac-985c-44f6-ad88-6b960c094cc7,Olena Maksym,124fb7bf-c778-43d3-a603-1e8cadc87ba0,APPPS1,APP/PS1+/+- IP3R2+/+
63c810ac-985c-44f6-ad88-6b960c094cc7,Olena Maksym,,,
4aa8b599-4cf3-416d-a1eb-14fb29431d0e,Kaitlyn Hair,c1cd13cd-4d35-4f6c-842c-f4029a661f93,Tg2576,
4aa8b599-4cf3-416d-a1eb-14fb29431d0e,Kaitlyn Hair,,,
255e105e-80cc-40d9-a03e-4c6b8d846021,Megan McManus,04986763-8572-480d-bd1f-9d4511fe904d,APPPS1,
255e105e-80cc-40d9-a03e-4c6b8d846021,Megan McManus,,,
255e105e-80cc-40d9-a03e-4c6b8d846021,Megan McManus,06c7cb77-334c-4eaf-89ed-073a58263902,Other (please leave a comment),NLRP3 deficient
255e105e-80cc-40d9-a03e-4c6b8d846021,Megan McManus,e2001c38-c998-4c0e-831b-781bc83d1ac1,Other (please leave a comment),APP/PS1/NIrp3-/-
255e105e-80cc-40d9-a03e-4c6b8d846021,Kaitlyn Hair,029aed78-4c7a-4b58-8ab3-d34a37d8ad7b,APPswe/PSEN1dE9,
255e105e-80cc-40d9-a03e-4c6b8d846021,Kaitlyn Hair,,,
8f531b40-9186-49a4-b6d4-1e8984b13c31,Kaitlyn Hair,,,
8f531b40-9186-49a4-b6d4-1e8984b13c31,Kaitlyn Hair,0051f60c-66b5-48fa-9b67-da514db1d040,APPswe/PSEN1dE9,
8f531b40-9186-49a4-b6d4-1e8984b13c31,Olena Maksym,0bbb79fe-9867-4f55-8f9f-2cce06ec5a92,APPPS1,
8f531b40-9186-49a4-b6d4-1e8984b13c31,Olena Maksym,,,
6d1f8a5b-e57c-4cab-abd3-d1c7bf6ec754,Kaitlyn Hair,e0945493-e2ae-4d14-9dbd-f652107bd8f2,3xTg ,
5c43acc4-943a-42d0-9249-88f8a2c0fb24,Kaitlyn Hair,,,
5c43acc4-943a-42d0-9249-88f8a2c0fb24,Kaitlyn Hair,0b0e8faa-3f36-4a39-9b39-caaa1d1ebb57,APPswe/PSEN1dE9,
5c43acc4-943a-42d0-9249-88f8a2c0fb24,Olena Maksym,6198ff9f-5366-439c-9b25-739dbe470f8f,APPSwe/PSEN1dE9,
5c43acc4-943a-42d0-9249-88f8a2c0fb24,Olena Maksym,,,
7791cbbe-690d-4273-b912-dcd82e1f3c39,Megan McManus,9b6579e8-bc7b-4f84-907b-6a6cfdb94883,Tg2576,
7791cbbe-690d-4273-b912-dcd82e1f3c39,Megan McManus,,,
e100331a-62e2-4833-ac61-85ce5064aa1c,Kaitlyn Hair,a4c07d66-f3ae-4d0e-8ade-44a016098b8c,5xFAD (B6SJL),
e100331a-62e2-4833-ac61-85ce5064aa1c,Kaitlyn Hair,,,
248b6e33-4057-4492-ba6b-5f15e8c32e27,Kaitlyn Hair,b80c7b57-3757-4f42-9797-bf4aabc867b2,APPswe/PSEN1dE9,
248b6e33-4057-4492-ba6b-5f15e8c32e27,Kaitlyn Hair,,,
fda5e0e2-9ec5-49f7-8f3a-bc213d82b963,Megan McManus,6aaba954-6139-4824-8c0a-767caf7e5945,APPswe/PSEN1dE9,
fda5e0e2-9ec5-49f7-8f3a-bc213d82b963,Megan McManus,,,
fda5e0e2-9ec5-49f7-8f3a-bc213d82b963,Kaitlyn Hair,7ce289c2-7d44-481f-b57b-eae0fe334333,APPswe/PSEN1dE9,
fda5e0e2-9ec5-49f7-8f3a-bc213d82b963,Kaitlyn Hair,,,
67a26722-b9ab-4d0f-ac65-8ba02b57fc11,Megan McManus,de145f01-601d-4199-a7b4-386f9ab9aee5,APPswe/PSEN1dE9,
67a26722-b9ab-4d0f-ac65-8ba02b57fc11,Megan McManus,,,
67a26722-b9ab-4d0f-ac65-8ba02b57fc11,Kaitlyn Hair,3259f46a-93d9-4339-acda-31502937b7d9,APPswe/PSEN1dE9,
67a26722-b9ab-4d0f-ac65-8ba02b57fc11,Kaitlyn Hair,,,
f4fe8698-85b5-4c42-9496-31e681a5bdab,Kaitlyn Hair,d515468e-60d4-4fa0-a01e-eb12a9887833,5xFAD (B6SJL),
f4fe8698-85b5-4c42-9496-31e681a5bdab,Kaitlyn Hair,,,
28d77344-9457-4085-8f8f-7fc5751f85b0,Kaitlyn Hair,5f24e322-d359-4bd9-bd3e-c3f8c3f202ca,5xFAD (B6SJL),
28d77344-9457-4085-8f8f-7fc5751f85b0,Kaitlyn Hair,,,
28d77344-9457-4085-8f8f-7fc5751f85b0,Olena Maksym,92a63337-2f32-40b1-9373-7c3e761efe72,5xFAD (B6SJL),
28d77344-9457-4085-8f8f-7fc5751f85b0,Olena Maksym,,,
8a96f0cb-9feb-43d3-a24e-b6ba97b5c5bb,Megan McManus,37e5feeb-336c-430d-93aa-d10f92605010,PS1(M146L),
8a96f0cb-9feb-43d3-a24e-b6ba97b5c5bb,Megan McManus,675b0cc4-3047-422c-b2ba-ade48c601eb8,Other (please leave a comment),CCL2KO
8a96f0cb-9feb-43d3-a24e-b6ba97b5c5bb,Megan McManus,,,
8a96f0cb-9feb-43d3-a24e-b6ba97b5c5bb,Megan McManus,a9a0097c-8581-4a3f-ae3d-8d27127bbd41,Other (please leave a comment),PS1/CCL2KO
45f7210f-662a-47b9-9b9a-96fb262f7d40,Megan McManus,9ffd21b9-0ce1-4e48-a3c1-8a2f67105dac,APPswe/PSEN1dE9,
45f7210f-662a-47b9-9b9a-96fb262f7d40,Megan McManus,7e98a733-7ae0-41a1-985d-50ff1032f8bd,Other (please leave a comment),Ear2-/-
45f7210f-662a-47b9-9b9a-96fb262f7d40,Megan McManus,,,
45f7210f-662a-47b9-9b9a-96fb262f7d40,Megan McManus,cfa32bed-6c4a-4569-84a6-cfe11c21814f,Other (please leave a comment),APP/PS1/Ear2-/-
45f7210f-662a-47b9-9b9a-96fb262f7d40,Kaitlyn Hair,d5ebcb9d-0ab2-492a-b60a-cc00630afd12,APPswe/PSEN1dE9,
45f7210f-662a-47b9-9b9a-96fb262f7d40,Kaitlyn Hair,,,
351b92bf-f0fa-4a1a-b8bc-aadef3199625,Megan McManus,c0428da8-b991-481a-abad-c0d173312917,APPPS1,
351b92bf-f0fa-4a1a-b8bc-aadef3199625,Megan McManus,,,
351b92bf-f0fa-4a1a-b8bc-aadef3199625,Kaitlyn Hair,,,
351b92bf-f0fa-4a1a-b8bc-aadef3199625,Kaitlyn Hair,2592e6f2-b25e-4a05-a1f7-90d3fd336160,APPswe/PSEN1dE9,
3710fc4e-fafd-4097-86ea-a7592bd750fb,Megan McManus,92f7266c-aced-4394-89fe-c4395d27ccc8,APPswe/PSEN1dE9,APPSwe/PS1dE9
3710fc4e-fafd-4097-86ea-a7592bd750fb,Megan McManus,,,
3710fc4e-fafd-4097-86ea-a7592bd750fb,Kaitlyn Hair,b2f490df-1f7c-41a7-a1db-e63d7e1975de,APPswe/PSEN1dE9,
3710fc4e-fafd-4097-86ea-a7592bd750fb,Kaitlyn Hair,,,
75e98f3b-0856-4043-b1ce-d033cb24d213,Kaitlyn Hair,6283d120-65e8-4c61-8927-b403a423c655,APPswe/PSEN1dE9,
75e98f3b-0856-4043-b1ce-d033cb24d213,Kaitlyn Hair,,,
449ccb1f-2278-4574-9e6d-1b8f6bd5153f,Kaitlyn Hair,04efabab-b176-40cb-bf2e-07b8fe98a5e3,APPswe/PSEN1dE9,
449ccb1f-2278-4574-9e6d-1b8f6bd5153f,Kaitlyn Hair,,,
449ccb1f-2278-4574-9e6d-1b8f6bd5153f,Isabel Lefevre,5c975d9b-be00-4705-a879-33612a0b8ac1,APPswe/PSEN1dE9,APP/PS1 (APPswe + PSEN1dE9)
449ccb1f-2278-4574-9e6d-1b8f6bd5153f,Isabel Lefevre,,,
68e3a5bd-bf2e-480e-a772-ca307e97c632,Kaitlyn Hair,8482a114-7500-4ab3-8ec0-294797911533,APPswe/PSEN1dE9,
68e3a5bd-bf2e-480e-a772-ca307e97c632,Kaitlyn Hair,,,
a1ac3cce-4613-49cd-8934-8a3ba5cd0032,Kaitlyn Hair,661bc4e8-71a6-44b3-aecf-45ae206993b1,APPswe/PSEN1dE9,
a1ac3cce-4613-49cd-8934-8a3ba5cd0032,Kaitlyn Hair,,,
00474b72-88f6-41b8-8a2c-4a0dc786b59c,Kaitlyn Hair,7a1e3e4c-b344-449e-a76f-d612ca5cbaf5,APPSwe/PSEN1(A246E),
00474b72-88f6-41b8-8a2c-4a0dc786b59c,Kaitlyn Hair,,,
6d5135f4-d846-4ba8-a531-526736754f17,Kaitlyn Hair,9ab02694-f82b-449a-854d-d306667aac77,APPswe/PSEN1dE9,
6d5135f4-d846-4ba8-a531-526736754f17,Kaitlyn Hair,,,
3b0614f4-74d8-48fa-ba0e-5a5279a3339f,Kaitlyn Hair,949590d9-1b06-4112-9020-6ad31387629b,APPswe/PSEN1dE9,
3b0614f4-74d8-48fa-ba0e-5a5279a3339f,Kaitlyn Hair,,,
e9d5d2a0-965c-4325-abe4-0a5fdd821274,Kaitlyn Hair,14ddfd0e-e95f-47f3-bbf7-17c0afb80174,APPswe/PSEN1dE9,
e9d5d2a0-965c-4325-abe4-0a5fdd821274,Kaitlyn Hair,,,
8a4a06c0-f8b3-490f-839e-22656ee1226c,Kaitlyn Hair,3b5c57de-59e0-47cd-84e4-c6f994f33726,APPswe/PSEN1dE9,
352af9b4-3890-4d46-804e-1bc82e1c73b7,Kaitlyn Hair,905a5967-607e-42a6-9739-fa885a23098e,APPSwe/PSEN1(A246E),
352af9b4-3890-4d46-804e-1bc82e1c73b7,Kaitlyn Hair,,,
6a7d5931-4114-4089-98bf-2fb0f12011ef,Kaitlyn Hair,eaf9f0d7-4a23-4a87-9e66-cb063591a60f,"J20 (PDGF-APPSw,Ind)",
6a7d5931-4114-4089-98bf-2fb0f12011ef,Kaitlyn Hair,,,
01c8ac7b-b494-42b5-a36f-0deb67f6a71e,Kaitlyn Hair,,,
01c8ac7b-b494-42b5-a36f-0deb67f6a71e,Kaitlyn Hair,4d91816f-fc02-420d-8993-57209188362a,APPswe/PSEN1dE9,
d97ab786-4d35-4627-a281-2f6b04d8d18b,Kaitlyn Hair,2c729334-cb7e-4419-806a-3f7582c4b6a3,Tg2576,
d97ab786-4d35-4627-a281-2f6b04d8d18b,Kaitlyn Hair,,,
01fcc164-b51f-4650-a1df-b6dc2004db28,Kaitlyn Hair,,,
01fcc164-b51f-4650-a1df-b6dc2004db28,Kaitlyn Hair,abbf727c-a12d-4323-a236-d9b93adc51cd,APPswe/PSEN1dE9,
7ae59447-73f6-440e-b1c1-432c651c6628,Kaitlyn Hair,6c560be6-2c68-4379-96f4-712ec419dbf4,Other (please leave a comment),"APPK670N, M671L (Tg2576) x PS1 (6.2 line,  M146V)"
7ae59447-73f6-440e-b1c1-432c651c6628,Kaitlyn Hair,,,
34942c28-9873-401b-bb97-5d8ccc0b3c9f,Kaitlyn Hair,cf22067b-5f7f-48c4-bc62-0174b4e97590,APPswe/PSEN1dE9,
34942c28-9873-401b-bb97-5d8ccc0b3c9f,Kaitlyn Hair,,,
e8fa102a-5667-4fc0-aebf-abb71834be83,Kaitlyn Hair,6342188a-83f9-4b02-afa2-d1c10b04f252,APPswe/PSEN1dE9,
e8fa102a-5667-4fc0-aebf-abb71834be83,Kaitlyn Hair,,,
c51f2561-28d4-41de-b7be-07d16ab9513b,Kaitlyn Hair,,,
c51f2561-28d4-41de-b7be-07d16ab9513b,Kaitlyn Hair,64321b36-d787-4f0e-95e0-1f73b9a83910,APPswe/PSEN1dE9,
7ff967d6-748b-4a7f-8d84-82b6906884c3,Kaitlyn Hair,9c8231fa-1786-41ac-9a43-2926d146eb95,APPswe/PSEN1dE9,
7ff967d6-748b-4a7f-8d84-82b6906884c3,Kaitlyn Hair,,,
6c7a4a00-93d4-40a6-ac34-f168ad0526e9,Kaitlyn Hair,dfe0194f-1f63-479e-b218-30c44136a416,APPswe/PSEN1dE9,
6c7a4a00-93d4-40a6-ac34-f168ad0526e9,Kaitlyn Hair,,,
f6c37073-49d5-4beb-ba6b-cbaf617f9b63,Kaitlyn Hair,2532498c-b567-4cbf-bc5a-45c3373c6829,APPswe/PSEN1dE9,
f6c37073-49d5-4beb-ba6b-cbaf617f9b63,Kaitlyn Hair,,,
76d1730a-bfe7-418f-ba23-5f94423e2e2b,Kaitlyn Hair,0d5ed4fa-68df-4d66-97cc-23032eff1f1a,APPswe/PSEN1dE9,
76d1730a-bfe7-418f-ba23-5f94423e2e2b,Kaitlyn Hair,,,
c527d5ca-5e44-48c2-ae78-e7faae384329,Kaitlyn Hair,8e90f88e-2385-4235-a09e-1967d8b847ef,APPswe/PSEN1dE9,
c527d5ca-5e44-48c2-ae78-e7faae384329,Kaitlyn Hair,,,
9af3f64a-95da-4cae-9735-54c32e05878c,Kaitlyn Hair,f959c177-93ca-4dc1-a458-eabc9d6ff50c,APPswe/PSEN1dE9,
9af3f64a-95da-4cae-9735-54c32e05878c,Kaitlyn Hair,,,
29c9b0e0-a0c4-4bea-89eb-866ef0cc21b6,Kaitlyn Hair,d6b27719-74b1-4655-b572-07e470593569,APPswe/PSEN1dE9,
29c9b0e0-a0c4-4bea-89eb-866ef0cc21b6,Kaitlyn Hair,,,
0cbbda3c-d269-4ff8-b5b6-0f3a8515b0a4,Kaitlyn Hair,89f0373e-b9aa-4116-9bae-561b29d1f2aa,Tg2576,
0cbbda3c-d269-4ff8-b5b6-0f3a8515b0a4,Kaitlyn Hair,,,
a40ea819-4c19-4a5f-8549-a01b54d7cfc4,Kaitlyn Hair,ab8324c2-cf37-4f22-987d-c266d080788f,"J20 (PDGF-APPSw,Ind)",
a40ea819-4c19-4a5f-8549-a01b54d7cfc4,Kaitlyn Hair,,,
3ff9d9a4-7a6f-4c81-a473-c6b82b3bdf16,Kaitlyn Hair,c54a528b-112f-4772-94c4-750d43077128,TgCRND8,
3ff9d9a4-7a6f-4c81-a473-c6b82b3bdf16,Kaitlyn Hair,,,
9e4572b8-7d94-469a-ab5b-e66e35148675,Kaitlyn Hair,e4d6240f-a702-4c1f-8280-b83c43d1256f,TgCRND8,
9e4572b8-7d94-469a-ab5b-e66e35148675,Kaitlyn Hair,,,
4dd14cef-f8e7-48ab-b1dc-9cd6dd506b5c,Kaitlyn Hair,bbb20af9-c596-4a9c-9eea-374107e6f226,5xFAD (B6SJL),
4dd14cef-f8e7-48ab-b1dc-9cd6dd506b5c,Kaitlyn Hair,,,
42e4a4e0-2fa7-4432-83b4-6d22c024bdc5,Kaitlyn Hair,30d5c237-11fd-4e09-8e0c-4916b4133714,APPPS1,NO DETAILS
42e4a4e0-2fa7-4432-83b4-6d22c024bdc5,Kaitlyn Hair,,,
218e245a-2517-4e5c-84a4-094a84b46693,Kaitlyn Hair,dec83c47-8ba2-4afd-91dd-d21a0ca81160,5xFAD (C57BL6),STRAIN NR
218e245a-2517-4e5c-84a4-094a84b46693,Kaitlyn Hair,,,
6b638198-a57f-40c2-b812-94aac0884ebd,Kaitlyn Hair,a0b11a59-df6a-4590-84ef-5dd360bb9f00,Tg2576,
6b638198-a57f-40c2-b812-94aac0884ebd,Kaitlyn Hair,,,
faf93349-1d1a-43be-bad3-e1a8e6d86c61,Kaitlyn Hair,9555664c-c8c3-4045-a8bb-783edc6219f7,APPswe/PSEN1dE9,
faf93349-1d1a-43be-bad3-e1a8e6d86c61,Kaitlyn Hair,,,
8faa826d-0082-467a-8909-3365a1d20828,Kaitlyn Hair,,,
8faa826d-0082-467a-8909-3365a1d20828,Kaitlyn Hair,cf69c4d9-7d25-4516-aa68-4e0ea802dff2,5xFAD (B6SJL),
62aac826-e04a-4f29-bdba-448c5acd3f8c,Kaitlyn Hair,6f61b646-aa23-44fc-bf21-779c3523160b,"J20 (PDGF-APPSw,Ind)",
62aac826-e04a-4f29-bdba-448c5acd3f8c,Kaitlyn Hair,,,
f2846387-4a86-4875-bb62-530e5dbcf595,Kaitlyn Hair,3b47e8ac-85aa-47a9-b3fa-1ec4273fa0b9,5xFAD (B6SJL),
f2846387-4a86-4875-bb62-530e5dbcf595,Kaitlyn Hair,,,
53766ece-74a3-4018-89a7-b0648291c0a4,Kaitlyn Hair,a3cc3b70-1855-4469-9c2b-fb6da472525b,rTg(tauP301L)4510,
53766ece-74a3-4018-89a7-b0648291c0a4,Kaitlyn Hair,,,
45a3c85a-e18a-4472-8bc4-18625ca4dcd6,Kaitlyn Hair,8457dd89-a300-4ae4-bd45-20253c07320d,"J20 (PDGF-APPSw,Ind)",
45a3c85a-e18a-4472-8bc4-18625ca4dcd6,Kaitlyn Hair,,,
e3bb34a1-ccb1-4a22-a843-1c53f610207e,Kaitlyn Hair,7e32f7f5-2c6d-4b23-b634-bc272b8b124f,"J20 (PDGF-APPSw,Ind)",
e3bb34a1-ccb1-4a22-a843-1c53f610207e,Kaitlyn Hair,,,
9f3f9cc8-aae3-4160-b3e4-8414e1bd4897,Kaitlyn Hair,d68da6bd-fa2a-4e46-8885-d84658980d90,Tg2576,
9f3f9cc8-aae3-4160-b3e4-8414e1bd4897,Kaitlyn Hair,,,
aee7a04e-2fd3-4d49-af8c-a9fd72ba4a0f,Kaitlyn Hair,c8c06c8c-eeb6-46b5-99b3-e2270df58f3e,Tg2576,
970c9199-92b9-4e61-9e1f-ab59eba7cf3a,Kaitlyn Hair,7e7a386b-30f0-42d1-97dd-aafcdd579d81,Tg2576,
970c9199-92b9-4e61-9e1f-ab59eba7cf3a,Kaitlyn Hair,,,
f4e4ff94-5d15-449e-b63a-dc042691196b,Kaitlyn Hair,6402a408-acd9-4109-b7b8-fe40fd1d9f11,"J20 (PDGF-APPSw,Ind)",
f4e4ff94-5d15-449e-b63a-dc042691196b,Kaitlyn Hair,,,
fe2b1968-266b-4d81-9165-010d6579f68e,Kaitlyn Hair,71175243-9eef-497c-94e5-8a4d079bb076,PDAPP(line109),
fe2b1968-266b-4d81-9165-010d6579f68e,Kaitlyn Hair,,,
6fa0ecf1-c5fb-401a-9982-8fefd571a132,Kaitlyn Hair,cd208490-e5dc-47e3-9eff-c898f8964b85,Tg2576,
6fa0ecf1-c5fb-401a-9982-8fefd571a132,Kaitlyn Hair,,,
03d6bded-136d-4ad6-aaf0-271cde0e941f,Kaitlyn Hair,2807d65c-d295-4c91-b116-af4a80830152,Tg2576,
03d6bded-136d-4ad6-aaf0-271cde0e941f,Kaitlyn Hair,,,
42e5b270-2d42-4742-a989-53b94690dffc,Isabel Lefevre,c8d4cdae-6d9c-49ee-81ba-2ac9c82c1fc0,Other (please leave a comment),APPInd mice (line H6)
42e5b270-2d42-4742-a989-53b94690dffc,Isabel Lefevre,,,
4a5c3950-18a3-4c2b-9ed8-04613c3106dc,Kaitlyn Hair,a5588846-7c46-4ad3-9562-393b08153ef8,Other (please leave a comment),APP23/PS45 
4a5c3950-18a3-4c2b-9ed8-04613c3106dc,Kaitlyn Hair,,,
511cb7d8-de3e-4505-bbec-47ff6c8dc0f1,Kaitlyn Hair,18151ada-6fc0-4906-8d9e-8ddbbde9e44b,APPswe/PSEN1dE9,
511cb7d8-de3e-4505-bbec-47ff6c8dc0f1,Kaitlyn Hair,,,
a0cce0d7-8471-4bfb-8495-f6073bc3ab68,Kaitlyn Hair,e5b20e4a-9108-4b21-9b55-1658adfe13bc,Tg2576,
a0cce0d7-8471-4bfb-8495-f6073bc3ab68,Kaitlyn Hair,,,
21bfbb1c-b622-4444-b0bb-28683fe690d5,Kaitlyn Hair,627f13fb-815a-42fb-94b4-bcb2890eb9ee,Tg2576,
21bfbb1c-b622-4444-b0bb-28683fe690d5,Kaitlyn Hair,,,
257a27de-0364-400a-85e7-73380410bcde,Kaitlyn Hair,3379ca9a-076c-42ab-b1ca-8afb8496fb35,Tg2576,
257a27de-0364-400a-85e7-73380410bcde,Kaitlyn Hair,,,
9dc9f911-066b-4bc6-802a-b7d51bf1c565,Kaitlyn Hair,606e219a-54eb-4f2d-b64e-9d8e2944b2f0,TgCRND8,
9dc9f911-066b-4bc6-802a-b7d51bf1c565,Kaitlyn Hair,,,
4cb8e3c4-4b05-4de6-87f4-3a4fcc04a078,Kaitlyn Hair,15e363dd-6708-4579-82b6-e254fe4ca58b,TgCRND8,
4cb8e3c4-4b05-4de6-87f4-3a4fcc04a078,Kaitlyn Hair,,,
43f388f3-cec1-4baa-9bd9-3d99fae5f320,Kaitlyn Hair,9be5d857-9b4a-41b9-b687-7632eeca7e79,Tg2576,
43f388f3-cec1-4baa-9bd9-3d99fae5f320,Kaitlyn Hair,,,
d1f27065-1c1f-4cbd-900e-e0538bae9019,Kaitlyn Hair,830a5581-2115-43e9-be6d-2e2d471ab47f,TgCRND8,
d1f27065-1c1f-4cbd-900e-e0538bae9019,Kaitlyn Hair,,,
6fb8d0cb-f063-4676-b7d7-cd06684121c0,Kaitlyn Hair,,,
6fb8d0cb-f063-4676-b7d7-cd06684121c0,Kaitlyn Hair,00dd59b4-8c97-4419-a359-8306dbe0798f,PDAPP(line109),
937e38ea-59c4-4889-b469-4612a56add5f,Kaitlyn Hair,,,
937e38ea-59c4-4889-b469-4612a56add5f,Kaitlyn Hair,c65aedc7-e501-4e0e-97b9-94fb15911eab,Tg2576,
18bf2747-d367-4e18-93dc-638b90a0cbba,Kaitlyn Hair,e591092a-3df6-48ef-b458-850d1ff8518d,5xFAD (B6SJL),
18bf2747-d367-4e18-93dc-638b90a0cbba,Kaitlyn Hair,,,
72aa78f7-d0a2-41d9-92cf-9a13cb6308d6,Kaitlyn Hair,47692ac2-829a-440b-93b5-60f079ee434e,Tg2576,Tg2576 (38)
72aa78f7-d0a2-41d9-92cf-9a13cb6308d6,Kaitlyn Hair,,,
263ab689-dfbd-402f-b399-7dac5f9f53a0,Kaitlyn Hair,37a01c9c-a93d-4513-9a70-a95ba6d627f8,APPSwe (line C3-3),
263ab689-dfbd-402f-b399-7dac5f9f53a0,Kaitlyn Hair,,,
08f95f97-d4a6-47c2-ae2d-670797c5d475,Kaitlyn Hair,2c4af0db-1c02-41ec-ab12-9780db11ac53,TgCRND8,
08f95f97-d4a6-47c2-ae2d-670797c5d475,Kaitlyn Hair,,,
e53ca33b-6b89-4ae0-b6bd-d94b2af91c67,Kaitlyn Hair,66d961bf-1e64-41a9-8616-403631202b43,3xTg ,
e53ca33b-6b89-4ae0-b6bd-d94b2af91c67,Kaitlyn Hair,,,
2f443912-14e6-4e3a-b3fa-7f34a7dee8b0,Kaitlyn Hair,75cdd55f-d96d-446d-a483-3deb1393da78,Tg2576,
2f443912-14e6-4e3a-b3fa-7f34a7dee8b0,Kaitlyn Hair,,,
6b168c45-2531-486e-99cb-15e9cb074485,Kaitlyn Hair,0ecedf99-c2eb-4d98-a535-688b59794c3b,APPswe/PSEN1dE9,
6b168c45-2531-486e-99cb-15e9cb074485,Kaitlyn Hair,,,
c45ecdb4-b4e0-4177-a62a-f7b199fa3b15,Kaitlyn Hair,674c34ff-ee61-4bfe-a5e3-151575dd31a3,Tg2576,
c45ecdb4-b4e0-4177-a62a-f7b199fa3b15,Kaitlyn Hair,,,
18c93a0d-334d-4ae2-a085-49222be0aa32,Kaitlyn Hair,612d68f0-f443-4d33-aa73-07378c766634,5xFAD (B6SJL),
18c93a0d-334d-4ae2-a085-49222be0aa32,Kaitlyn Hair,,,
c9e2ce0d-d2dd-4b2e-891a-79a09faf155f,Kaitlyn Hair,975c2cdc-5227-4bec-8d0b-48be69e9c4d4,APPSwe/PSEN1dE9,
c9e2ce0d-d2dd-4b2e-891a-79a09faf155f,Kaitlyn Hair,,,
37e56af0-dc09-4987-9cc4-ea6874c492ef,Kaitlyn Hair,,,
37e56af0-dc09-4987-9cc4-ea6874c492ef,Kaitlyn Hair,fd665695-794a-4234-830d-56b3d18fa0c8,APPswe/PSEN1dE9,
a9c47d81-f3e2-4cc0-a868-1887193dac98,Kaitlyn Hair,69bd1fa4-6fff-41f2-b461-35a052a2dc03,APP23,
a9c47d81-f3e2-4cc0-a868-1887193dac98,Kaitlyn Hair,,,
318021fb-ef64-4ed2-aa6a-8c63fec953ab,Kaitlyn Hair,5b8eeccc-0404-4d29-957e-f2e815effb94,"J20 (PDGF-APPSw,Ind)",
318021fb-ef64-4ed2-aa6a-8c63fec953ab,Kaitlyn Hair,,,
30cc4cce-4db5-4ae9-9b20-4cfbae67c1ed,Kaitlyn Hair,,,
30cc4cce-4db5-4ae9-9b20-4cfbae67c1ed,Kaitlyn Hair,07c4a86d-18d9-49df-9ab9-1790382600c9,"J20 (PDGF-APPSw,Ind)",
315cca80-326b-4f68-a81b-532a5d91dbd1,Kaitlyn Hair,45604cf8-853d-4eb6-be1d-22a9478c0633,Tg2576,
315cca80-326b-4f68-a81b-532a5d91dbd1,Kaitlyn Hair,,,
18225b04-9641-411f-a387-26dfc6aa10cf,Kaitlyn Hair,27713fd8-3479-442f-917d-579776ab7f74,"PDGF-APPSw,Ind (line J9)",
18225b04-9641-411f-a387-26dfc6aa10cf,Kaitlyn Hair,,,
5f93f961-2964-4f35-b63b-8f925149c73d,Kaitlyn Hair,019b9d34-951d-453a-bd7c-be8c37976bcb,APP23,
5f93f961-2964-4f35-b63b-8f925149c73d,Kaitlyn Hair,,,
5d11c1e9-cd3f-45b9-976a-4cf6549aa3a3,Kaitlyn Hair,c6e83006-1f25-46b8-811d-fa33182b91c7,"J20 (PDGF-APPSw,Ind)",
5d11c1e9-cd3f-45b9-976a-4cf6549aa3a3,Kaitlyn Hair,,,
ca9ea229-c806-468b-a9cd-4ba03d0b827b,Kaitlyn Hair,e821bb91-2ef0-48fa-9447-4e9a246b7e82,TgCRND8,
ca9ea229-c806-468b-a9cd-4ba03d0b827b,Kaitlyn Hair,,,
9d6dbdad-ed2d-4537-9e3c-e52ba741799d,Kaitlyn Hair,a1bedd4c-85f2-494e-ab83-89c3ea69a813,5xFAD (B6SJL),
9d6dbdad-ed2d-4537-9e3c-e52ba741799d,Kaitlyn Hair,,,
5ec0d278-0056-40ae-be67-8026d6bda428,Kaitlyn Hair,7807de37-42e2-4d21-9130-cddc7f7ba28d,Tg2576,
5ec0d278-0056-40ae-be67-8026d6bda428,Kaitlyn Hair,,,
474c2db0-5233-4e1d-932b-c8b861a9f029,Kaitlyn Hair,1f8bd135-a6da-4974-b7a6-e77c4a07bf53,Tg2576,
474c2db0-5233-4e1d-932b-c8b861a9f029,Kaitlyn Hair,,,
738efcfd-1b47-426f-817d-273ef6c0b411,Kaitlyn Hair,b40ca247-e055-41cd-a9da-e33bf29411ad,APPswe/PSEN1dE9,
738efcfd-1b47-426f-817d-273ef6c0b411,Kaitlyn Hair,,,
68bd9171-9c31-420b-b48d-8fda00b257de,Kaitlyn Hair,,,
68bd9171-9c31-420b-b48d-8fda00b257de,Kaitlyn Hair,3ea9355e-5632-490b-b385-d43f73fa2887,"J20 (PDGF-APPSw,Ind)",
4c793ecd-5462-4693-bc11-a9823aa41939,Kaitlyn Hair,1ff59d1e-6e92-464d-968d-c03219b6d132,Tg2576,
4c793ecd-5462-4693-bc11-a9823aa41939,Kaitlyn Hair,,,
d1f25f45-6cb0-444a-8bf1-15a51337bef5,Kaitlyn Hair,403ea23f-6ad9-47cd-bdaa-1fb7def01711,TgCRND8,
d1f25f45-6cb0-444a-8bf1-15a51337bef5,Kaitlyn Hair,,,
dc9414cd-5871-4a90-90b1-a4552afc569f,Kaitlyn Hair,74520e64-7a78-4b66-ba26-207a24c70d81,Tg2576,
dc9414cd-5871-4a90-90b1-a4552afc569f,Kaitlyn Hair,,,
b6837b83-bd7a-42ac-84cb-3bafce2a54cc,Kaitlyn Hair,7ce7d280-8c7f-4d8d-a4cd-587ef3f44cde,APP Knock-out,
b6837b83-bd7a-42ac-84cb-3bafce2a54cc,Kaitlyn Hair,,,
1e67491e-ed88-4c71-a482-9389f77a61cf,Kaitlyn Hair,,,
1e67491e-ed88-4c71-a482-9389f77a61cf,Kaitlyn Hair,d7d75c21-0140-4a7a-b643-9615531d2092,Tg2576,
03648e0f-6f4d-42ce-bf56-822dd70bfd40,Kaitlyn Hair,392ea34a-36e7-4462-b403-f9cee842be96,TgCRND8,
03648e0f-6f4d-42ce-bf56-822dd70bfd40,Kaitlyn Hair,,,
a6472d31-e4c3-46a2-a14a-d96d60004a4f,Kaitlyn Hair,,,
a6472d31-e4c3-46a2-a14a-d96d60004a4f,Kaitlyn Hair,ff5c5513-332e-48f3-b6ac-d03015242155,Tg2576,
82e601b1-5e75-4843-a4f4-aef6457a6e05,Kaitlyn Hair,b91f7ee7-9aa7-4778-b323-6d53f286b72d,Tg2576,
82e601b1-5e75-4843-a4f4-aef6457a6e05,Kaitlyn Hair,,,
503bf9ea-cac8-4861-a0e2-57b99e636c60,Kaitlyn Hair,49447d9a-0a4d-473d-b134-859b4f30f479,Tg2576,
503bf9ea-cac8-4861-a0e2-57b99e636c60,Kaitlyn Hair,,,
ab02d24b-f94c-438c-b2c6-06179f0531f0,Kaitlyn Hair,d3b86bdf-6db4-45a2-bb78-231e5d4732e4,5xFAD (B6SJL),
ab02d24b-f94c-438c-b2c6-06179f0531f0,Kaitlyn Hair,,,
f7013849-9428-4522-a202-1f8cb6200d8f,Kaitlyn Hair,94260dca-dbe4-4149-b10e-57a42d1a24ba,5xFAD (C57BL6),
f7013849-9428-4522-a202-1f8cb6200d8f,Kaitlyn Hair,,,
40f41c8f-26be-45ae-addb-bc62f97f6599,Kaitlyn Hair,45abca98-4bf8-4ac8-87b0-8dee707e9db8,TgCRND8,
40f41c8f-26be-45ae-addb-bc62f97f6599,Kaitlyn Hair,,,
288cdc4a-beea-4d04-95c3-e4c03d70edad,Kaitlyn Hair,1adac027-6c23-4ce5-a79f-ca2f4fb0a5e0,"J20 (PDGF-APPSw,Ind)","hAPP-J20 mice (JAX MMRRC, Stock# 034836) "
288cdc4a-beea-4d04-95c3-e4c03d70edad,Kaitlyn Hair,,,
f0f48b2a-68b3-42f8-b7f5-624b56f7d09d,Kaitlyn Hair,45a9c927-f9e8-4d81-a220-8c7926841e27,5xFAD (B6SJL),
f0f48b2a-68b3-42f8-b7f5-624b56f7d09d,Kaitlyn Hair,,,
892d2c4b-f251-42c1-a21f-4b7ae3f793da,Kaitlyn Hair,,,
892d2c4b-f251-42c1-a21f-4b7ae3f793da,Kaitlyn Hair,00605b7f-3cad-4313-b369-21c303ec4488,5xFAD (B6SJL),
54f02034-b25e-4033-a3a8-532855ee11cb,Kaitlyn Hair,0f45559e-54f1-4d4c-b764-d501e92d47dc,5xFAD (C57BL6),
54f02034-b25e-4033-a3a8-532855ee11cb,Kaitlyn Hair,,,
1bc77b27-d3f8-47c9-8e06-e6cb2a177cf0,Kaitlyn Hair,90a65bd9-7ef4-419e-88d2-4a412b10c099,5xFAD (B6SJL),
9fa66df3-2750-4008-a615-7f3f18eb9661,Kaitlyn Hair,f2601513-1eb9-488e-8b15-730f79f2f705,5xFAD (B6SJL),
9fa66df3-2750-4008-a615-7f3f18eb9661,Kaitlyn Hair,,,
9e23a3c5-80cb-4d6e-9615-0b21644b5f45,Olena Maksym,b13e4c52-3926-47ae-a9f4-94ca4f9f2aeb,Other (please leave a comment), mhAPP
9e23a3c5-80cb-4d6e-9615-0b21644b5f45,Olena Maksym,,,
3caf3b16-6bf1-40dd-96a8-615ab8e27af2,Ella Lambert,1db285e2-a676-4473-89ab-c4bf6a1ba274,TgF344-AD (rat),
3caf3b16-6bf1-40dd-96a8-615ab8e27af2,Ella Lambert,,,
3caf3b16-6bf1-40dd-96a8-615ab8e27af2,Olena Maksym,041ed66b-309c-4241-bd67-bf6954829a02,TgF344-AD (rat),
3caf3b16-6bf1-40dd-96a8-615ab8e27af2,Olena Maksym,,,
a5ccc303-5842-4c3c-8859-00a04a4e638a,Ella Lambert,84648ff4-470f-4dee-8b96-0c387f26535e,PS/APP,
a5ccc303-5842-4c3c-8859-00a04a4e638a,Ella Lambert,,,
af1bb5de-b727-45f5-ae14-a23cb611ad9c,Ella Lambert,66895393-a83d-454f-9434-a25c53342c66,PS/APP,
af1bb5de-b727-45f5-ae14-a23cb611ad9c,Ella Lambert,,,
e303109a-417a-4ec7-ae56-5cdcf819f058,Ella Lambert,0e289ae6-859e-4e9b-a244-1eca171da269,5xFAD (C57BL6),
e303109a-417a-4ec7-ae56-5cdcf819f058,Ella Lambert,,,
7e126f5a-35ed-48f9-af3a-add6bbeb41df,Ella Lambert,54f8ad20-a7b6-4b6e-a85a-39eba5dbc431,5xFAD (B6SJL),
7e126f5a-35ed-48f9-af3a-add6bbeb41df,Ella Lambert,,,
2ec6fadc-46af-4c87-ac38-f4cad697ace9,Ella Lambert,75a4ed49-3c76-4506-b78b-28ed0e8046dc,PS/APP,
2ec6fadc-46af-4c87-ac38-f4cad697ace9,Ella Lambert,,,
73c2519a-701c-4cdf-9a3d-d88e6593137e,Ella Lambert,bf9f6948-38c2-4b66-aef3-9bba0c31e243,PS/APP,
73c2519a-701c-4cdf-9a3d-d88e6593137e,Ella Lambert,,,
a0544e96-cc7c-42ae-a3dc-d072163f3759,Laurel Renton,7f3e8d2d-7753-4f66-b5b1-15399a053cc3,Tg2576,
a0544e96-cc7c-42ae-a3dc-d072163f3759,Laurel Renton,,,
fc1c20c7-c015-4f4c-8521-709f2b2f1701,Ella Lambert,741d038f-e7e2-4ba9-aa7f-674f6103952d,5xFAD (B6SJL),
fc1c20c7-c015-4f4c-8521-709f2b2f1701,Ella Lambert,,,
3aacf82b-93b4-4b4d-a296-e91335e53035,Ella Lambert,fdd73a40-a1f8-4740-b05e-6ec96f06ca61,PS/APP,
3aacf82b-93b4-4b4d-a296-e91335e53035,Ella Lambert,,,
8bb89e60-21e5-46dc-a3c3-fbff756e3496,Ella Lambert,1926329e-e6a3-4dfd-8b93-369cc3c2e888,PS/APP,
8bb89e60-21e5-46dc-a3c3-fbff756e3496,Ella Lambert,,,
6d537dfe-3d19-4dbf-b9af-bf9fad52bb4b,Laurel Renton,9a000582-5daa-400c-b25f-2c0f7e855352,APP NL-G-F Knock-in,AppNL-G-F
6d537dfe-3d19-4dbf-b9af-bf9fad52bb4b,Laurel Renton,,,
cef4a487-fe97-426e-8555-46b12aa738b8,Ella Lambert,01fb8ab2-5620-4d3a-a720-041c36b1d723,5xFAD (C57BL6),
cef4a487-fe97-426e-8555-46b12aa738b8,Ella Lambert,,,
fa53b72c-0aa2-472f-a7f7-c36bb3c36ebf,Ella Lambert,582ca305-98f2-4817-a636-c3706e0df0d3,5xFAD (C57BL6),
fa53b72c-0aa2-472f-a7f7-c36bb3c36ebf,Ella Lambert,,,
e44370b5-7386-485c-99f9-5b8af4474f52,Laurel Renton,b5eca073-f224-473d-a331-f53bd9aa1a3e,"PDGF-APPSw,Ind (line J9)",
e44370b5-7386-485c-99f9-5b8af4474f52,Laurel Renton,,,
3e96622c-7577-4030-a584-a2e5714e0c13,Laurel Renton,fe89a35e-dd4c-4a8d-a1dc-e93833e0d0af,Tg2576,
3e96622c-7577-4030-a584-a2e5714e0c13,Laurel Renton,,,
85af2ff2-d42e-427d-ac42-d88e7f8a4768,Ella Lambert,bc4f29ea-24fb-4774-b868-ce1e1616218b,5xFAD (B6SJL),
85af2ff2-d42e-427d-ac42-d88e7f8a4768,Ella Lambert,,,
33f58141-621e-40ef-87cb-010c4cbf42ed,Laurel Renton,e590154d-ccb6-465b-93f1-6c6265cbdbc0,PDGF-APP(WT) (line I5),
33f58141-621e-40ef-87cb-010c4cbf42ed,Laurel Renton,,,
edc389a0-2191-4303-b2ee-18dad849ad4a,Ella Lambert,c7b53a97-9b8c-4f15-b0b9-bf430f06b890,5xFAD (C57BL6),
edc389a0-2191-4303-b2ee-18dad849ad4a,Ella Lambert,,,
87e85e13-628f-4e7b-b747-b67e5196c295,Laurel Renton,4baf0c8d-735e-4557-b5be-13ece3eab7ff,Other (please leave a comment),NL-P-F
87e85e13-628f-4e7b-b747-b67e5196c295,Laurel Renton,,,
2fdacebf-307d-4993-a237-26db056f57a8,Laurel Renton,14a35110-8bee-4bc9-bcc1-32b6391a0641,APP NL-F Knock-in,
2fdacebf-307d-4993-a237-26db056f57a8,Laurel Renton,9008510a-6937-4e90-9944-91acd129e946,APP NL-G-F Knock-in,
2fdacebf-307d-4993-a237-26db056f57a8,Laurel Renton,,,
842ebcba-b0f3-4758-b41b-ea43d92ae367,Ella Lambert,46261a95-610e-4c69-8d61-26c13afe7fc2,5xFAD (B6SJL),
842ebcba-b0f3-4758-b41b-ea43d92ae367,Ella Lambert,,,
842ebcba-b0f3-4758-b41b-ea43d92ae367,Olena Maksym,4284c712-d765-42fa-8cc3-1eb7f5c1f8be,5xFAD (B6SJL),
842ebcba-b0f3-4758-b41b-ea43d92ae367,Olena Maksym,,,
1734fbd1-7b7e-4a6a-a0be-aea38c10f857,Olena Maksym,32ec7a81-c27b-402e-a71a-555eeaa242b2,5xFAD (C57BL6),
1734fbd1-7b7e-4a6a-a0be-aea38c10f857,Olena Maksym,,,
4b8a72ee-65ce-4418-ba36-e02f954230cc,Ella Lambert,93274363-52fd-4077-be15-79694e88b3ff,PS/APP,
4b8a72ee-65ce-4418-ba36-e02f954230cc,Ella Lambert,,,
4b8a72ee-65ce-4418-ba36-e02f954230cc,Olena Maksym,998d71f3-aa32-4e76-9307-dea9427e1eed,APPswe/PSEN1dE9,
4b8a72ee-65ce-4418-ba36-e02f954230cc,Olena Maksym,,,
396a9989-ffa9-4fe2-8be5-088520aea1f8,Ella Lambert,1a5b856d-3468-45a8-b7a3-9c9efc0ac040,PS/APP,
396a9989-ffa9-4fe2-8be5-088520aea1f8,Ella Lambert,,,
2dc6dc90-00ab-47c8-be97-cfcc0942cdc4,Ella Lambert,d31a7719-1277-4cd2-85d6-52505734f67f,APPswe/PSEN1dE9,
2dc6dc90-00ab-47c8-be97-cfcc0942cdc4,Ella Lambert,,,
38577191-39a1-4c51-8693-9ee7b627592a,Laurel Renton,cca98a13-96e3-4ebc-b78c-d81fe3adbd31,Tg2576,
38577191-39a1-4c51-8693-9ee7b627592a,Laurel Renton,,,
cb8d4bc7-3b17-4d70-b78c-2fdcec3c1126,Ella Lambert,f63c95a3-b4eb-4658-abb9-deaaa30ded35,PS/APP,
cb8d4bc7-3b17-4d70-b78c-2fdcec3c1126,Ella Lambert,,,
d3b98a86-2cc8-4713-82cb-d27bb931b36f,Ella Lambert,d4b54a71-f2ad-4564-9e86-6022fd806822,APPSwe/PSEN1dE9,
d3b98a86-2cc8-4713-82cb-d27bb931b36f,Ella Lambert,,,
9a690a41-01c2-473d-bbd8-41533efa30e8,Ella Lambert,c4356caf-01c9-41b9-8bed-ea9705c2cb90,5xFAD (B6SJL),
9a690a41-01c2-473d-bbd8-41533efa30e8,Ella Lambert,,,
27d327df-e0b6-4664-99a7-36948a8d67e0,Ella Lambert,fb4ad4eb-4c58-4615-839a-5f18608ef152,5xFAD (B6SJL),
27d327df-e0b6-4664-99a7-36948a8d67e0,Ella Lambert,,,
14bbfbfb-fcde-4f39-94ed-8d5b234b9160,Ella Lambert,b5a77155-b9d1-4e22-ad7a-ea77aa616b74,PS/APP,
14bbfbfb-fcde-4f39-94ed-8d5b234b9160,Ella Lambert,,,
a1402584-c7da-47b4-9383-4cfcc14fab1f,Ella Lambert,37a3fd71-3067-45cc-885e-2d8c1495bca0,5xFAD (C57BL6),
a1402584-c7da-47b4-9383-4cfcc14fab1f,Ella Lambert,,,
61cbb3de-dd68-4109-805b-04f8cc5181e4,Ella Lambert,b5e119e2-cd44-411e-bac3-da4bbece5167,APPswe/PSEN1dE9,
61cbb3de-dd68-4109-805b-04f8cc5181e4,Ella Lambert,,,
87ce2bf4-211a-4638-9aa4-2ff1e379883c,Ella Lambert,c4553e0f-90b0-4beb-bd54-9f05b1db63f3,PS/APP,
87ce2bf4-211a-4638-9aa4-2ff1e379883c,Ella Lambert,,,
638c1558-9cef-48c4-af6b-8eec0972ad65,Laurel Renton,6ecadb62-8e90-432a-a980-772f1e0dea87,Other (please leave a comment),TBA2.1
638c1558-9cef-48c4-af6b-8eec0972ad65,Laurel Renton,,,
6a7aac7c-05db-4cce-a7d5-66b1d8f55c7c,Ella Lambert,d3e24fd5-2a38-4dc4-8159-b6fc313b5813,5xFAD (B6SJL),
6a7aac7c-05db-4cce-a7d5-66b1d8f55c7c,Ella Lambert,,,
23f4ff05-8fec-4431-8715-f468f1406621,Ella Lambert,2b1b6ce8-d1e4-46a0-b24f-2b7902a9576c,APPSwe/PSEN1dE9,
23f4ff05-8fec-4431-8715-f468f1406621,Ella Lambert,,,
b38f0b45-d516-47be-b24d-879fcec99cc9,Ella Lambert,c13d59b3-afe8-45f3-93e2-895f37d537f5,5xFAD (B6SJL),
b38f0b45-d516-47be-b24d-879fcec99cc9,Ella Lambert,,,
eaeadbb8-08b4-4510-88f1-7dcbb15d883b,Ella Lambert,a3932427-18cd-42dc-afb6-f424ce4cabbd,PS/APP,
eaeadbb8-08b4-4510-88f1-7dcbb15d883b,Ella Lambert,,,
d1872898-057d-41a7-9893-4860cd84c8c5,Ella Lambert,5329bd09-89b3-42ad-af53-085054865ed6,PS/APP,
d1872898-057d-41a7-9893-4860cd84c8c5,Ella Lambert,,,
9f7bf4b4-c52c-46e9-b9dc-3ae7292f1515,Ella Lambert,8966ce36-da7c-42e9-965b-ed016574da30,PS/APP,
9f7bf4b4-c52c-46e9-b9dc-3ae7292f1515,Ella Lambert,,,
51f4698d-ad0d-4daa-ab70-7f8163a33128,Ella Lambert,df758da4-6b23-4847-8586-2eca0c1900cd,PS/APP,
51f4698d-ad0d-4daa-ab70-7f8163a33128,Ella Lambert,,,
a1840a05-b6ee-4043-8955-2dd4774d3391,Ella Lambert,8d67ba2d-e53f-478e-8669-d29506c042d5,5xFAD (C57BL6),
a1840a05-b6ee-4043-8955-2dd4774d3391,Ella Lambert,,,
89a3eb91-868d-4354-84ab-53eba9bd3907,Ella Lambert,b57ef937-7a15-4021-a531-ab6a50c91c4b,PS/APP,
89a3eb91-868d-4354-84ab-53eba9bd3907,Ella Lambert,,,
d0720d05-f4b6-4fe1-9d09-e0dc9998bec0,Ella Lambert,5a9e4ec6-86d8-41ec-a09a-42cbc90b558a,APPSwe/PSEN1dE9,
d0720d05-f4b6-4fe1-9d09-e0dc9998bec0,Ella Lambert,,,
ca90d27c-9363-4135-bcec-eda8feb9d2e6,Ella Lambert,aad66845-4fb2-4e01-8801-0b0799154bea,APPSwe/PSEN1dE9,
ca90d27c-9363-4135-bcec-eda8feb9d2e6,Ella Lambert,,,
40133bc0-5f55-4dd4-b8fc-adda4faa7729,Laurel Renton,d23747da-e6d3-43ef-8ae3-8f323a7a87fc,Tg2576,
40133bc0-5f55-4dd4-b8fc-adda4faa7729,Laurel Renton,,,
8e05fe23-4376-409a-a78f-d81d9d17b0bc,Ella Lambert,ff568c54-f502-4d1d-a88a-b5169f78bc4f,5xFAD (C57BL6),
8e05fe23-4376-409a-a78f-d81d9d17b0bc,Ella Lambert,,,
d249edf7-d6b6-43d5-96ec-9bd4294f9a07,Ella Lambert,02f6ef4f-4685-4c5b-b774-500014df57f6,5xFAD (C57BL6),
d249edf7-d6b6-43d5-96ec-9bd4294f9a07,Ella Lambert,,,
a6192d68-984b-4913-a5bb-b85979b4edd2,Ella Lambert,24636532-d50b-4904-8ad4-4d20fc2d09dc,5xFAD (C57BL6),
a6192d68-984b-4913-a5bb-b85979b4edd2,Ella Lambert,,,
1ec183cd-ce41-48ea-a4c6-de9936cf6ee2,Ella Lambert,87788ef2-3155-459f-af8e-41aee4e9517b,PS/APP,
1ec183cd-ce41-48ea-a4c6-de9936cf6ee2,Ella Lambert,,,
cd10c3d7-4c79-4057-9910-b2d122ae88a8,Laurel Renton,a5a8f222-6b0b-4609-a841-a259a3aa17b2,"J20 (PDGF-APPSw,Ind)",
cd10c3d7-4c79-4057-9910-b2d122ae88a8,Laurel Renton,,,
e1e9f7d9-b10c-44bf-a9fc-dc5c05bad96f,Ella Lambert,e0a13884-2da2-445e-aeea-2ad6b7e619c3,5xFAD (C57BL6),
e1e9f7d9-b10c-44bf-a9fc-dc5c05bad96f,Ella Lambert,,,
f4b80b85-3056-4c61-ab29-42bcc3113d7a,Ella Lambert,b9be39d3-bdab-44ed-b962-63f42b3b2c43,5xFAD (C57BL6),
f4b80b85-3056-4c61-ab29-42bcc3113d7a,Ella Lambert,,,
743fa6e5-870a-4e38-af14-f5934bbd7ad8,Ella Lambert,3be3f37d-1239-4125-925f-ffc1b35fb2a2,PS/APP,
743fa6e5-870a-4e38-af14-f5934bbd7ad8,Ella Lambert,,,
763aabfa-8525-4fec-b84e-4721507ce5e3,Ella Lambert,251beb9d-1344-41a6-a3be-e085fb80739d,APPswe/PSEN1dE9,
763aabfa-8525-4fec-b84e-4721507ce5e3,Ella Lambert,,,
51f94a4a-94ff-47f0-934a-6906ca97eac2,Laurel Renton,0d91b8b3-818c-4b99-a5ac-4910fb2a0c47,Other (please leave a comment),B6(SJL)-Apptm1.1Aduci/J
51f94a4a-94ff-47f0-934a-6906ca97eac2,Laurel Renton,,,
21645276-104f-46fd-92f8-1bc58a26ad96,Ella Lambert,43ccb9b0-2389-4e8b-88af-0f2cc3c2b152,PS/APP,
21645276-104f-46fd-92f8-1bc58a26ad96,Ella Lambert,,,
997c504a-e3e7-4a9d-99cb-a0016b305d4a,Ella Lambert,d0f04768-08e9-4601-8122-994bc451d287,PS/APP,
997c504a-e3e7-4a9d-99cb-a0016b305d4a,Ella Lambert,,,
f1150b09-ef57-4650-a7cb-8d0a5666007a,Ella Lambert,06e49faa-454e-4469-8cce-c045729ee6f8,PS/APP,
f1150b09-ef57-4650-a7cb-8d0a5666007a,Ella Lambert,,,
3e02c353-f072-43ff-b2d7-6f21a26fca29,Laurel Renton,4181285d-7f9f-45b1-9cbd-33836c75073a,APP NL-G-F Knock-in,
3e02c353-f072-43ff-b2d7-6f21a26fca29,Laurel Renton,,,
59920f10-9736-47c8-89b8-5f825171fc8a,Ella Lambert,a72d8e9c-a528-4de6-b7e9-6b6878d70a7b,PS/APP,
59920f10-9736-47c8-89b8-5f825171fc8a,Ella Lambert,,,
936b3832-f46d-443a-9a69-568650c295f4,Ella Lambert,0ae48b64-32ed-4aff-aa64-ab840399d8ac,PS/APP,
936b3832-f46d-443a-9a69-568650c295f4,Ella Lambert,,,
b1df10ab-8e8a-494a-a854-60559cae1e3b,Ella Lambert,ff7ffa7d-11c2-4363-b012-96b717d5fac6,5xFAD (C57BL6),
b1df10ab-8e8a-494a-a854-60559cae1e3b,Ella Lambert,,,
9aa3b8db-8a2b-4f57-aedc-1bd0b86f0fb9,Ella Lambert,59c946cb-1e37-49df-b642-7fac039ce1ea,PS/APP,
9aa3b8db-8a2b-4f57-aedc-1bd0b86f0fb9,Ella Lambert,,,
0d80a645-04b1-41bb-ac85-f7ff42a92396,Ella Lambert,f7fbf6c8-20c9-4ff0-bc0b-f4bdc31b581f,Other (please leave a comment),APP23/PS45 
0d80a645-04b1-41bb-ac85-f7ff42a92396,Ella Lambert,,,
4bb0e67c-fc4f-4fec-ae40-0f87b1d0fd51,Ella Lambert,fc7cfcf2-2938-4146-b3d7-fecc16a35ef0,APPSwe/PSEN1dE9,
4bb0e67c-fc4f-4fec-ae40-0f87b1d0fd51,Ella Lambert,,,
cc3d5cf3-55cd-480d-b7d1-97c3022ebcfc,Ella Lambert,0fa5c183-b618-4431-b705-24cc5da82f5a,5xFAD (C57BL6),background strain NR for Tg or WT
cc3d5cf3-55cd-480d-b7d1-97c3022ebcfc,Ella Lambert,,,
f543e740-877f-4e46-b1d0-1e55286cb8a0,Ella Lambert,dc8f3348-589e-4e9e-b876-2d9105f56bdb,5xFAD (C57BL6),
f543e740-877f-4e46-b1d0-1e55286cb8a0,Ella Lambert,,,
f09ad02e-d0ff-4556-a408-f162ae135c64,Ella Lambert,0d585386-0d13-451a-bdab-e4fd5c796474,5xFAD (C57BL6),
f09ad02e-d0ff-4556-a408-f162ae135c64,Ella Lambert,,,
f3ca4e32-c38c-4a89-ba92-ddf5520ec6ee,Ella Lambert,b7566434-5023-4e72-aea0-6063b0a06959,5xFAD (B6SJL),
f3ca4e32-c38c-4a89-ba92-ddf5520ec6ee,Ella Lambert,,,
8b79160c-4895-4ea0-ac1a-7cbb2dc739c4,Ella Lambert,cc157e9a-3dfa-40f3-be11-06c2cb4baca7,5xFAD (C57BL6),
8b79160c-4895-4ea0-ac1a-7cbb2dc739c4,Ella Lambert,,,
7920c21f-dfee-4260-b254-8d71821866bd,Ella Lambert,ddf143f2-f3c2-473b-8314-80e9330039a1,PS/APP,
7920c21f-dfee-4260-b254-8d71821866bd,Ella Lambert,,,
a80de265-2dfa-4041-9e49-2c63c2bc5cc5,Ella Lambert,7e6b4a20-f5b7-45c3-9738-b1a764d089fb,PS/APP,
a80de265-2dfa-4041-9e49-2c63c2bc5cc5,Ella Lambert,,,
a71219d8-18ff-4c96-9bdc-94af4790c485,Ella Lambert,59d3354d-fd3a-444b-b06f-ca40362f5eaa,5xFAD (B6SJL),
a71219d8-18ff-4c96-9bdc-94af4790c485,Ella Lambert,,,
4e755b3b-b179-4a73-b0ec-b9db41fdcd21,Ella Lambert,20592eef-e4de-4c42-af3f-fafcc4c1dea2,PS/APP,
4e755b3b-b179-4a73-b0ec-b9db41fdcd21,Ella Lambert,,,
bfb45719-74ed-4521-b918-cd9528c9c25e,Ella Lambert,26bf3a20-6056-4f72-a3be-d0ec561c5a6b,5xFAD (B6SJL),
bfb45719-74ed-4521-b918-cd9528c9c25e,Ella Lambert,,,
421651fc-0ad6-45f5-8994-fc5a05f76d7b,Ella Lambert,4bc365f7-d402-4062-aeae-acdf1ffd69b2,PS/APP,
421651fc-0ad6-45f5-8994-fc5a05f76d7b,Ella Lambert,,,
f23da99d-4c7a-477c-bcd7-00a9c9d8ffe5,Ella Lambert,b6d48d0d-a2e8-4c61-afb1-f4b83c607c63,PS/APP,
f23da99d-4c7a-477c-bcd7-00a9c9d8ffe5,Ella Lambert,,,
e1f3dc8e-898f-4722-a330-61b13d4ca669,Ella Lambert,24ec60a1-200b-4c12-b7cc-9f0f73e54c54,APPswe/PSEN1dE9,
e1f3dc8e-898f-4722-a330-61b13d4ca669,Ella Lambert,,,
a7abc97c-dfa0-419d-8cbf-a790675bceb3,Ella Lambert,e80f716a-c39d-43d1-b9ff-dedbaac9d2a0,PS/APP,
a7abc97c-dfa0-419d-8cbf-a790675bceb3,Ella Lambert,,,
0f9fd5d5-01b7-4e70-9c84-eb524a6ff245,Ella Lambert,8299a32d-bd36-4ed9-a46e-ea21c28c2d02,5xFAD (C57BL6),
0f9fd5d5-01b7-4e70-9c84-eb524a6ff245,Ella Lambert,,,
0f9fd5d5-01b7-4e70-9c84-eb524a6ff245,Laurel Renton,3942b659-d333-415e-832e-694548acb62c,Tg2576,
0f9fd5d5-01b7-4e70-9c84-eb524a6ff245,Laurel Renton,,,
e9b98532-afbf-45e4-b081-18b85017fd44,Ella Lambert,89c4577b-7dd0-484f-8600-9642a100cc16,APPswe/PSEN1dE9,
e9b98532-afbf-45e4-b081-18b85017fd44,Ella Lambert,,,
2cd1e157-9285-468f-86fa-86f191beca1c,Ella Lambert,f5aa70d0-a9d4-4b5b-85d7-76c784ff1477,PS/APP,
2cd1e157-9285-468f-86fa-86f191beca1c,Ella Lambert,,,
df504bc5-df77-49ca-a9f6-0c39733eddd0,Laurel Renton,7d08c3f0-6fb9-4ed7-859a-ca850a8ee37b,"J20 (PDGF-APPSw,Ind)",
df504bc5-df77-49ca-a9f6-0c39733eddd0,Laurel Renton,,,
2c29949f-2195-4e57-8e76-70cd59117b21,Olena Maksym,4efc2443-33ec-4e23-b007-5863721e16f1,3xTg ,
2c29949f-2195-4e57-8e76-70cd59117b21,Olena Maksym,,,
33511709-abeb-4fbb-912a-78b4fa801e9d,Olena Maksym,cd6b0bcc-754a-4d54-be44-3902c443e5f1,3xTg ,
33511709-abeb-4fbb-912a-78b4fa801e9d,Olena Maksym,,,
ebb8e8fe-058f-4598-8c05-c17a10576ce0,Laurel Renton,f7b465dd-c99e-43fb-8ffa-49d0333c3343,"J20 (PDGF-APPSw,Ind)",
ebb8e8fe-058f-4598-8c05-c17a10576ce0,Laurel Renton,,,
59172169-f56f-4c23-9d33-8a18a4bb7978,Ella Lambert,904ca107-0c5e-4326-b054-4b358eec30ea,5xFAD (C57BL6),
59172169-f56f-4c23-9d33-8a18a4bb7978,Ella Lambert,,,
5903794d-6971-40ee-9d3e-9d9cdaf2f6a1,Ella Lambert,11f93dc8-973a-4c88-9bf2-0d869a06375e,5xFAD (B6SJL),
5903794d-6971-40ee-9d3e-9d9cdaf2f6a1,Ella Lambert,,,
94bb49a6-9f99-4ac4-8ffb-069c6234df19,Ella Lambert,e8e87582-b14c-499d-8b2d-863e4f9f0217,TASTPM (TAS10 x TPM),
94bb49a6-9f99-4ac4-8ffb-069c6234df19,Ella Lambert,,,
94bb49a6-9f99-4ac4-8ffb-069c6234df19,Laurel Renton,b227112a-cf57-4862-90a4-bc01fb27cacc,TAS10 (thy1-APPswe),
94bb49a6-9f99-4ac4-8ffb-069c6234df19,Laurel Renton,,,
aa9ecf60-489c-4c8c-80ba-848f25d0c7cd,Ella Lambert,b82d0e3a-32f0-47c0-a797-2fe44d26d956,5xFAD (B6SJL),
aa9ecf60-489c-4c8c-80ba-848f25d0c7cd,Ella Lambert,,,
7568e39d-90de-4090-b17b-f73395e2e6b7,Ella Lambert,6f85f36d-97a8-4d6a-9ed0-27b78871beee,APPswe/PSEN1dE9,
7568e39d-90de-4090-b17b-f73395e2e6b7,Ella Lambert,,,
9364e59b-bac3-4855-aaa9-a2d2fc441610,Laurel Renton,58d134fa-a34a-4617-be93-55d2128d858f,Other (please leave a comment),TetO-APPswe/ind (line 102) x tTA
9364e59b-bac3-4855-aaa9-a2d2fc441610,Laurel Renton,8aae52b5-e1fc-4284-8d8c-d47bc0bff8bc,Other (please leave a comment),TetO-APPswe/ind (line 102) x tTA
fff3f14f-85e5-438a-ad09-ec7f6147ef43,Ella Lambert,900cec5e-90d7-46b0-887e-425a38b63b31,APPswe/PSEN1dE9,
fff3f14f-85e5-438a-ad09-ec7f6147ef43,Ella Lambert,,,
c253bfe3-16c0-4106-a152-ffa447dbaf7f,Laurel Renton,47cd6298-85c6-4a43-a65c-fd4b9af1eb15,Other (please leave a comment), Tg19959
c253bfe3-16c0-4106-a152-ffa447dbaf7f,Laurel Renton,,,
c253bfe3-16c0-4106-a152-ffa447dbaf7f,Ella Lambert,f1090dc2-ffa6-4924-821d-e03496d523e8,Other (please leave a comment),"Tg19959 (APP KM670/671NL, V717F)"
c253bfe3-16c0-4106-a152-ffa447dbaf7f,Ella Lambert,c3402362-f984-4d22-bdde-e2b8b39694a6,PS/APP,
c253bfe3-16c0-4106-a152-ffa447dbaf7f,Ella Lambert,,,
455c9467-78a2-43b1-8df3-64182542ba38,Ella Lambert,0c8a87f0-1684-495f-b377-367603be606a,5xFAD (B6SJL),
455c9467-78a2-43b1-8df3-64182542ba38,Ella Lambert,,,
455c9467-78a2-43b1-8df3-64182542ba38,Olena Maksym,83fb070f-c40d-475e-91cd-6229f77de4be,5xFAD (C57BL6),
455c9467-78a2-43b1-8df3-64182542ba38,Olena Maksym,,,
22b58dc5-9c5b-4527-b46d-f39cc6865594,Ella Lambert,5053c93b-f940-4c87-92c1-6603ade6a8e1,PS/APP,
22b58dc5-9c5b-4527-b46d-f39cc6865594,Ella Lambert,,,
d4ee2ad4-1da5-42ec-a8d0-7e1a37d8b3c8,Ella Lambert,c57e3f98-e34c-4c6f-84d5-11b4df07b895,APPswe/PSEN1dE9,
d4ee2ad4-1da5-42ec-a8d0-7e1a37d8b3c8,Ella Lambert,,,
a96e6568-b2f9-4b3b-a391-bdbae9113d3a,Ella Lambert,dac3de2b-90b9-4da8-9389-807d508ab5f5,5xFAD (C57BL6),
a96e6568-b2f9-4b3b-a391-bdbae9113d3a,Ella Lambert,,,
0a261cf1-0034-48f6-88d2-53e003665c83,Ella Lambert,ccc2a442-e97a-495a-8ab3-8a599c90119d,APPswe/PSEN1dE9,
0a261cf1-0034-48f6-88d2-53e003665c83,Ella Lambert,,,
056c461c-c3fe-42f4-84a4-71ff8a47e808,Ella Lambert,8489deb5-bb8a-45d1-ab85-0cfbbbd16757,PS/APP,
056c461c-c3fe-42f4-84a4-71ff8a47e808,Ella Lambert,,,
88238663-beeb-4e3a-bcbe-d6cbc9b72884,Olena Maksym,97f1429f-a095-4750-a4d8-a521cbd7b2e5,3xTg ,
88238663-beeb-4e3a-bcbe-d6cbc9b72884,Olena Maksym,,,
21360d9a-6883-4887-8f43-4749147f3425,Ella Lambert,96423818-4313-4359-adb6-7776148a4a0a,APPswe/PSEN1dE9,
21360d9a-6883-4887-8f43-4749147f3425,Ella Lambert,,,
9d770229-c28d-4f32-b7f7-f62b6a3a3bcb,Ella Lambert,2d742248-9fb6-4aa5-b14c-455c87292b2f,PS/APP,
9d770229-c28d-4f32-b7f7-f62b6a3a3bcb,Ella Lambert,,,
838751ea-1602-4175-ad81-e9bc9fbdde99,Ella Lambert,122b249a-7d0d-4e8d-bec6-f16051fbd36f,5xFAD (C57BL6),
838751ea-1602-4175-ad81-e9bc9fbdde99,Ella Lambert,,,
12c7597a-ec65-4f56-bb8e-5c820e504a58,Ella Lambert,d51fd87c-1d53-4c18-96e9-4ddf52a2cd56,PS/APP,
12c7597a-ec65-4f56-bb8e-5c820e504a58,Ella Lambert,,,
5158ffc3-48d9-46de-8f72-dc32f24fc613,Ella Lambert,4a666ea2-e4cf-46b1-b862-2a9e8abce6b2,APPPS1,
5158ffc3-48d9-46de-8f72-dc32f24fc613,Ella Lambert,,,
4f2fd88a-2932-490e-adf7-ea4223d226ea,Laurel Renton,b0f27b62-0262-40f4-a854-61efd2da821e,"J20 (PDGF-APPSw,Ind)",
4f2fd88a-2932-490e-adf7-ea4223d226ea,Laurel Renton,,,
4f2fd88a-2932-490e-adf7-ea4223d226ea,Olena Maksym,1ff4aafd-e5c8-4ddf-9be8-f01288407340,"J20 (PDGF-APPSw,Ind)",
4f2fd88a-2932-490e-adf7-ea4223d226ea,Olena Maksym,,,
73e194cc-cb56-4bf1-89a3-519bebb16220,Ella Lambert,c766391c-cf24-41f2-92f1-617101f82b62,5xFAD (C57BL6),
73e194cc-cb56-4bf1-89a3-519bebb16220,Ella Lambert,,,
d557b1f2-57ae-4b1b-8eee-68bee163bf89,Ella Lambert,e109559e-2e27-4099-b813-4da8f5c1d17b,PS/APP,
d557b1f2-57ae-4b1b-8eee-68bee163bf89,Ella Lambert,,,
cf09d538-47bf-4cb9-b68a-8e4ce2c4c8f6,Laurel Renton,969955f1-54d8-4b8a-870b-7f7f6ff07383,mThy1-hAPP751 (TASD41),
cf09d538-47bf-4cb9-b68a-8e4ce2c4c8f6,Laurel Renton,,,
015c29d7-aa8a-41cf-8c93-6d2bd29bc617,Laurel Renton,8500faf3-a8ba-4d7a-b2e9-86153491125a,TgCRND8,
015c29d7-aa8a-41cf-8c93-6d2bd29bc617,Laurel Renton,,,
d677fea0-16e1-4a66-bc0f-49fa69c99119,Laurel Renton,25e41031-0a90-433f-8a2a-35e7e270334a,APP NL-G-F Knock-in,
d677fea0-16e1-4a66-bc0f-49fa69c99119,Laurel Renton,,,
569387b7-100d-41cd-8240-364428b02f87,Ella Lambert,d171ba4f-c357-4ca8-816f-57077789222f,APPswe/PSEN1dE9,
569387b7-100d-41cd-8240-364428b02f87,Ella Lambert,,,
64950e4e-a813-415b-8269-d0d554a30400,Laurel Renton,6cc9b4f8-f436-4dd9-9733-7859d411e38c,APPSwe (line C3-3),
64950e4e-a813-415b-8269-d0d554a30400,Laurel Renton,,,
64950e4e-a813-415b-8269-d0d554a30400,Laurel Renton,8c348614-40a8-4dd7-8f31-6041868a2bbe,Other (please leave a comment),APPSwe (line C3-3) x 129SvEc/Tac
64950e4e-a813-415b-8269-d0d554a30400,Laurel Renton,,,
8e2a4f5e-56d7-4331-988b-4f08bf084873,Ella Lambert,cdf559f7-c34e-4565-82fe-1736b2b8d3b6,APPswe/PSEN1dE9,
8e2a4f5e-56d7-4331-988b-4f08bf084873,Ella Lambert,,,
16dff20b-b941-46a7-979d-ac8b39963e3c,Ella Lambert,9bf2e768-6b6d-40bb-a80c-c5adb9e79904,5xFAD (B6SJL),
16dff20b-b941-46a7-979d-ac8b39963e3c,Ella Lambert,,,
909e95b9-a656-4f3a-91a1-a50ff21723f7,Ella Lambert,95f56dea-fc03-435b-b809-4bcef60a1091,PS/APP,
909e95b9-a656-4f3a-91a1-a50ff21723f7,Ella Lambert,,,
0c9b671a-5d10-4a43-ace6-9f89139dac27,Ella Lambert,7bc725a7-d52c-44b1-9489-bde039fb67d7,APPswe/PSEN1dE9,
0c9b671a-5d10-4a43-ace6-9f89139dac27,Ella Lambert,,,
680eae05-2b0f-4df5-b800-134f1d386c92,Ella Lambert,95b70be3-e939-4ddc-887e-48b45dd73ef9,APPswe/PSEN1dE9,
680eae05-2b0f-4df5-b800-134f1d386c92,Ella Lambert,,,
